street,city,zip,state,beds,baths,sq__ft,type,sale_date,price,latitude,longitude,price_per_sqft
5828 PEPPERMILL CT,SACRAMENTO,95841,CA,3,1,1122,Condo,2008-05-21,89921,38.662595,-121.327813,80.14349376114082
6048 OGDEN NASH WAY,SACRAMENTO,95842,CA,3,2,1104,Residential,2008-05-21,90895,38.681659,-121.351705,82.33242753623189
2561 19TH AVE,SACRAMENTO,95820,CA,3,1,1177,Residential,2008-05-21,91002,38.535092,-121.481367,77.31690739167375
11150 TRINITY RIVER DR Unit 114,RANCHO CORDOVA,95670,CA,2,2,941,Condo,2008-05-21,94905,38.621188,-121.270555,100.85547290116897
7325 10TH ST,RIO LINDA,95673,CA,3,2,1146,Residential,2008-05-21,98937,38.700909,-121.442979,86.33246073298429
645 MORRISON AVE,SACRAMENTO,95838,CA,3,2,909,Residential,2008-05-21,100309,38.637663,-121.45152,110.35093509350935
4085 FAWN CIR,SACRAMENTO,95823,CA,3,2,1289,Residential,2008-05-21,106250,38.470746,-121.458918,82.42823894491855
2930 LA ROSA RD,SACRAMENTO,95815,CA,1,1,871,Residential,2008-05-21,106852,38.618698,-121.435833,122.67738231917336
2113 KIRK WAY,SACRAMENTO,95822,CA,3,1,1020,Residential,2008-05-21,107502,38.482215,-121.492603,105.39411764705882
4533 LOCH HAVEN WAY,SACRAMENTO,95842,CA,2,2,1022,Residential,2008-05-21,108750,38.672914,-121.35934,106.40900195694717
7340 HAMDEN PL,SACRAMENTO,95842,CA,2,2,1134,Condo,2008-05-21,110700,38.700051,-121.351278,97.61904761904762
6715 6TH ST,RIO LINDA,95673,CA,2,1,844,Residential,2008-05-21,113263,38.689591,-121.452239,134.1978672985782
6236 LONGFORD DR Unit 1,CITRUS HEIGHTS,95621,CA,2,1,795,Condo,2008-05-21,116250,38.679776,-121.314089,146.22641509433961
250 PERALTA AVE,SACRAMENTO,95833,CA,2,1,588,Residential,2008-05-21,120000,38.612099,-121.469095,204.08163265306123
113 LEEWILL AVE,RIO LINDA,95673,CA,3,2,1356,Residential,2008-05-21,121630,38.689999,-121.46322,89.6976401179941
6118 STONEHAND AVE,CITRUS HEIGHTS,95621,CA,3,2,1118,Residential,2008-05-21,122000,38.707851,-121.320707,109.12343470483006
4882 BANDALIN WAY,SACRAMENTO,95823,CA,4,2,1329,Residential,2008-05-21,122682,38.468173,-121.444071,92.31151241534988
7511 OAKVALE CT,NORTH HIGHLANDS,95660,CA,4,2,1240,Residential,2008-05-21,123000,38.702792,-121.38221,99.19354838709677
9 PASTURE CT,SACRAMENTO,95834,CA,3,2,1601,Residential,2008-05-21,124100,38.628631,-121.488097,77.51405371642723
3729 BAINBRIDGE DR,NORTH HIGHLANDS,95660,CA,3,2,901,Residential,2008-05-21,125000,38.701499,-121.37622,138.73473917869035
3828 BLACKFOOT WAY,ANTELOPE,95843,CA,3,2,1088,Residential,2008-05-21,126640,38.70974,-121.37377,116.3970588235294
4108 NORTON WAY,SACRAMENTO,95820,CA,3,1,963,Residential,2008-05-21,127281,38.537526,-121.478315,132.17133956386292
1469 JANRICK AVE,SACRAMENTO,95832,CA,3,2,1119,Residential,2008-05-21,129000,38.476472,-121.501711,115.28150134048258
9861 CULP WAY,SACRAMENTO,95827,CA,4,2,1380,Residential,2008-05-21,131200,38.558423,-121.327948,95.07246376811594
7825 CREEK VALLEY CIR,SACRAMENTO,95828,CA,3,2,1248,Residential,2008-05-21,132000,38.472122,-121.404199,105.76923076923077
5201 LAGUNA OAKS DR Unit 140,ELK GROVE,95758,CA,2,2,1039,Condo,2008-05-21,133000,38.423251,-121.444489,128.00769971126084
6768 MEDORA DR,NORTH HIGHLANDS,95660,CA,3,2,1152,Residential,2008-05-21,134555,38.691161,-121.37192,116.80121527777777
3100 EXPLORER DR,SACRAMENTO,95827,CA,3,2,1380,Residential,2008-05-21,136500,38.566663,-121.332644,98.91304347826087
7944 DOMINION WAY,ELVERTA,95626,CA,3,2,1116,Residential,2008-05-21,138750,38.713182,-121.411227,124.32795698924731
5201 LAGUNA OAKS DR Unit 162,ELK GROVE,95758,CA,2,2,1039,Condo,2008-05-21,141000,38.423251,-121.444489,135.70741097208855
3920 SHINING STAR DR,SACRAMENTO,95823,CA,3,2,1418,Residential,2008-05-21,146250,38.48742,-121.462459,103.13822284908322
5031 CORVAIR ST,NORTH HIGHLANDS,95660,CA,3,2,1082,Residential,2008-05-21,147308,38.658246,-121.375469,136.1441774491682
7661 NIXOS WAY,SACRAMENTO,95823,CA,4,2,1472,Residential,2008-05-21,148750,38.479553,-121.463317,101.05298913043478
7044 CARTHY WAY,SACRAMENTO,95828,CA,4,2,1146,Residential,2008-05-21,149593,38.49857,-121.420925,130.5349040139616
2442 LARKSPUR LN,SACRAMENTO,95825,CA,1,1,760,Condo,2008-05-21,150000,38.58514,-121.403736,197.3684210526316
4800 WESTLAKE PKWY Unit 2109,SACRAMENTO,95835,CA,2,2,1304,Condo,2008-05-21,152000,38.658812,-121.542345,116.56441717791411
2178 63RD AVE,SACRAMENTO,95822,CA,3,2,1207,Residential,2008-05-21,154000,38.493955,-121.48966,127.5890637945319
8718 ELK WAY,ELK GROVE,95624,CA,3,2,1056,Residential,2008-05-21,156896,38.41653,-121.379653,148.57575757575756
5708 RIDGEPOINT DR,ANTELOPE,95843,CA,2,2,1043,Residential,2008-05-21,161250,38.72027,-121.331555,154.6021093000959
7315 KOALA CT,NORTH HIGHLANDS,95660,CA,4,2,1587,Residential,2008-05-21,161500,38.699251,-121.371414,101.7643352236925
2622 ERIN DR,SACRAMENTO,95833,CA,4,1,1120,Residential,2008-05-21,164000,38.613765,-121.488694,146.42857142857142
8421 SUNBLAZE WAY,SACRAMENTO,95823,CA,4,2,1580,Residential,2008-05-21,165000,38.450543,-121.432538,104.43037974683544
7420 ALIX PKWY,SACRAMENTO,95823,CA,4,1,1955,Residential,2008-05-21,166357,38.489405,-121.452811,85.09309462915601
3820 NATOMA WAY,SACRAMENTO,95838,CA,4,2,1656,Residential,2008-05-21,166357,38.636748,-121.422159,100.45712560386474
4431 GREEN TREE DR,SACRAMENTO,95823,CA,3,2,1477,Residential,2008-05-21,168000,38.499954,-121.454469,113.74407582938389
9417 SARA ST,ELK GROVE,95624,CA,3,2,1188,Residential,2008-05-21,170000,38.415518,-121.370527,143.0976430976431
8299 HALBRITE WAY,SACRAMENTO,95828,CA,4,2,1590,Residential,2008-05-21,173000,38.473814,-121.4,108.80503144654088
7223 KALLIE KAY LN,SACRAMENTO,95823,CA,3,2,1463,Residential,2008-05-21,174250,38.477553,-121.419463,119.10457963089542
8156 STEINBECK WAY,SACRAMENTO,95828,CA,4,2,1714,Residential,2008-05-21,174313,38.474853,-121.406326,101.69953325554259
7957 VALLEY GREEN DR,SACRAMENTO,95823,CA,3,2,1185,Residential,2008-05-21,178480,38.465184,-121.434925,150.61603375527426
1122 WILD POPPY CT,GALT,95632,CA,3,2,1406,Residential,2008-05-21,178760,38.287789,-121.294715,127.14082503556187
4520 BOMARK WAY,SACRAMENTO,95842,CA,4,2,1943,Multi-Family,2008-05-21,179580,38.665724,-121.358576,92.42408646423057
9012 KIEFER BLVD,SACRAMENTO,95826,CA,3,2,1172,Residential,2008-05-21,181000,38.547011,-121.366217,154.4368600682594
5332 SANDSTONE ST,CARMICHAEL,95608,CA,3,1,1152,Residential,2008-05-21,181872,38.662105,-121.313945,157.875
5993 SAWYER CIR,SACRAMENTO,95823,CA,4,3,1851,Residential,2008-05-21,182587,38.4473,-121.435218,98.64235548352242
4844 CLYDEBANK WAY,ANTELOPE,95843,CA,3,2,1215,Residential,2008-05-21,182716,38.714609,-121.347887,150.38353909465022
306 CAMELLIA WAY,GALT,95632,CA,3,2,1130,Residential,2008-05-21,182750,38.260443,-121.297864,161.72566371681415
9021 MADISON AVE,ORANGEVALE,95662,CA,4,2,1603,Residential,2008-05-21,183200,38.664186,-121.217511,114.28571428571429
404 6TH ST,GALT,95632,CA,3,1,1479,Residential,2008-05-21,188741,38.251808,-121.302493,127.61392832995267
8317 SUNNY CREEK WAY,SACRAMENTO,95823,CA,3,2,1420,Residential,2008-05-21,189000,38.459041,-121.424644,133.09859154929578
2617 BASS CT,SACRAMENTO,95826,CA,3,2,1280,Residential,2008-05-21,192067,38.560767,-121.377471,150.05234375
7005 TIANT WAY,ELK GROVE,95758,CA,3,2,1586,Residential,2008-05-21,194000,38.422811,-121.423285,122.3203026481715
7895 CABER WAY,ANTELOPE,95843,CA,3,2,1362,Residential,2008-05-21,194818,38.711279,-121.393449,143.03817914831131
7624 BOGEY CT,SACRAMENTO,95828,CA,4,4,2162,Multi-Family,2008-05-21,195000,38.48009,-121.415102,90.19426456984274
6930 HAMPTON COVE WAY,SACRAMENTO,95823,CA,3,2,1266,Residential,2008-05-21,198000,38.44004,-121.421012,156.39810426540285
8708 MESA BROOK WAY,ELK GROVE,95624,CA,4,2,1715,Residential,2008-05-21,199500,38.44076,-121.385792,116.3265306122449
120 GRANT LN,FOLSOM,95630,CA,3,2,1820,Residential,2008-05-21,200000,38.687742,-121.17104,109.89010989010988
5907 ELLERSLEE DR,CARMICHAEL,95608,CA,3,1,936,Residential,2008-05-21,200000,38.664468,-121.32683,213.67521367521368
170 PENHOW CIR,SACRAMENTO,95834,CA,3,2,1511,Residential,2008-05-21,208000,38.653439,-121.535169,137.65718067504963
8345 STAR THISTLE WAY,SACRAMENTO,95823,CA,4,2,1590,Residential,2008-05-21,212864,38.454349,-121.439239,133.87672955974844
9080 FRESCA WAY,ELK GROVE,95758,CA,4,2,1596,Residential,2008-05-21,221000,38.427818,-121.424026,138.47117794486215
391 NATALINO CIR,SACRAMENTO,95835,CA,2,2,1341,Residential,2008-05-21,221000,38.67307,-121.506373,164.80238627889634
8373 BLACKMAN WAY,ELK GROVE,95624,CA,5,3,2136,Residential,2008-05-21,223058,38.435436,-121.394536,104.42790262172285
9837 CORTE DORADO CT,ELK GROVE,95624,CA,4,2,1616,Residential,2008-05-21,227887,38.400676,-121.38101,141.01918316831683
5037 J PKWY,SACRAMENTO,95823,CA,3,2,1478,Residential,2008-05-21,231477,38.491399,-121.443547,156.6150202976996
10245 LOS PALOS DR,RANCHO CORDOVA,95670,CA,3,2,1287,Residential,2008-05-21,234697,38.593699,-121.31089,182.35975135975136
6613 NAVION DR,CITRUS HEIGHTS,95621,CA,4,2,1277,Residential,2008-05-21,235000,38.702855,-121.31308,184.0250587314017
2887 AZEVEDO DR,SACRAMENTO,95833,CA,4,2,1448,Residential,2008-05-21,236000,38.618457,-121.509439,162.98342541436463
9186 KINBRACE CT,SACRAMENTO,95829,CA,4,3,2235,Residential,2008-05-21,236685,38.463355,-121.358936,105.8993288590604
4243 MIDDLEBURY WAY,MATHER,95655,CA,3,2,2093,Residential,2008-05-21,237800,38.547991,-121.280483,113.61681796464406
1028 FALLON PLACE CT,RIO LINDA,95673,CA,3,2,1193,Residential,2008-05-21,240122,38.693818,-121.441153,201.27577535624476
4804 NORIKER DR,ELK GROVE,95757,CA,3,2,2163,Residential,2008-05-21,242638,38.400974,-121.448424,112.17660656495607
7713 HARVEST WOODS DR,SACRAMENTO,95828,CA,3,2,1269,Residential,2008-05-21,244000,38.478198,-121.412911,192.27738376674546
6913 RICHEVE WAY,SACRAMENTO,95828,CA,3,1,958,Residential,2008-05-21,244960,38.502519,-121.420769,255.69937369519832
8636 TEGEA WAY,ELK GROVE,95624,CA,5,3,2508,Residential,2008-05-21,245918,38.443832,-121.382087,98.05342902711324
5448 MAIDSTONE WAY,CITRUS HEIGHTS,95621,CA,3,2,1305,Residential,2008-05-21,250000,38.665395,-121.293288,191.57088122605364
18 OLLIE CT,ELK GROVE,95758,CA,4,2,1591,Residential,2008-05-21,250000,38.444909,-121.412345,157.13387806411063
4010 ALEX LN,CARMICHAEL,95608,CA,2,2,1326,Condo,2008-05-21,250134,38.637028,-121.312963,188.63800904977376
4901 MILLNER WAY,ELK GROVE,95757,CA,3,2,1843,Residential,2008-05-21,254200,38.38692,-121.447349,137.927292457949
4818 BRITTNEY LEE CT,SACRAMENTO,95841,CA,4,2,1921,Residential,2008-05-21,254200,38.653917,-121.34218,132.3269130661114
5529 LAGUNA PARK DR,ELK GROVE,95758,CA,5,3,2790,Residential,2008-05-21,258000,38.42568,-121.438062,92.47311827956989
230 CANDELA CIR,SACRAMENTO,95835,CA,3,2,1541,Residential,2008-05-21,260000,38.656251,-121.547572,168.72160934458145
4900 71ST ST,SACRAMENTO,95820,CA,3,1,1018,Residential,2008-05-21,260014,38.53151,-121.421089,255.4165029469548
4236 NATOMAS CENTRAL DR,SACRAMENTO,95834,CA,3,2,1672,Condo,2008-05-21,265000,38.648879,-121.544023,158.4928229665072
5615 LUPIN LN,POLLOCK PINES,95726,CA,3,2,1380,Residential,2008-05-21,265000,38.708315,-120.603872,192.02898550724638
5625 JAMES WAY,SACRAMENTO,95822,CA,3,1,975,Residential,2008-05-21,271742,38.523947,-121.484946,278.7097435897436
7842 LAHONTAN CT,SACRAMENTO,95829,CA,4,3,2372,Residential,2008-05-21,273750,38.472976,-121.318633,115.40893760539629
6850 21ST ST,SACRAMENTO,95822,CA,3,2,1446,Residential,2008-05-21,275086,38.502194,-121.490795,190.23928077455048
2900 BLAIR RD,POLLOCK PINES,95726,CA,2,2,1284,Residential,2008-05-21,280908,38.75485,-120.60476,218.77570093457945
2064 EXPEDITION WAY,SACRAMENTO,95832,CA,4,3,3009,Residential,2008-05-21,280987,38.474099,-121.490711,93.3821867730143
2912 NORCADE CIR,SACRAMENTO,95826,CA,8,4,3612,Multi-Family,2008-05-21,282400,38.559505,-121.364839,78.18383167220377
9507 SEA CLIFF WAY,ELK GROVE,95758,CA,4,2,2056,Residential,2008-05-21,285000,38.410992,-121.479043,138.61867704280155
8882 AUTUMN GOLD CT,ELK GROVE,95624,CA,4,2,1993,Residential,2008-05-21,287417,38.4439,-121.37255,144.21324636226794
5322 WHITE LOTUS WAY,ELK GROVE,95757,CA,3,2,1857,Residential,2008-05-21,291000,38.391538,-121.442596,156.7043618739903
1838 CASTRO WAY,SACRAMENTO,95818,CA,2,1,1126,Residential,2008-05-21,292024,38.556098,-121.490787,259.34635879218473
10158 CRAWFORD WAY,SACRAMENTO,95827,CA,4,4,2213,Multi-Family,2008-05-21,297000,38.5703,-121.315735,134.2069588793493
7731 MASTERS ST,ELK GROVE,95758,CA,5,3,2494,Residential,2008-05-21,297000,38.442031,-121.410873,119.08580593424219
4925 PERCHERON DR,ELK GROVE,95757,CA,3,2,1843,Residential,2008-05-21,298000,38.40154,-121.447649,161.69289202387412
2010 PROMONTORY POINT LN,GOLD RIVER,95670,CA,2,2,1520,Residential,2008-05-21,299000,38.62869,-121.261669,196.71052631578948
4727 SAVOIE WAY,SACRAMENTO,95835,CA,5,3,2800,Residential,2008-05-21,304037,38.658182,-121.549521,108.58464285714285
8664 MAGNOLIA HILL WAY,ELK GROVE,95624,CA,4,2,2309,Residential,2008-05-21,311000,38.442352,-121.389675,134.69034213945432
9570 HARVEST ROSE WAY,SACRAMENTO,95827,CA,5,3,2367,Residential,2008-05-21,315537,38.555993,-121.340352,133.30671736375157
4359 CREGAN CT,RANCHO CORDOVA,95742,CA,5,4,3516,Residential,2008-05-21,320000,38.545128,-121.224922,91.01251422070534
8929 SUTTERS GOLD DR,SACRAMENTO,95826,CA,4,3,1914,Residential,2008-05-21,328360,38.550848,-121.370224,171.5569487983281
8025 PEERLESS AVE,ORANGEVALE,95662,CA,2,1,1690,Residential,2008-05-21,334150,38.71147,-121.216214,197.72189349112426
4620 WELERA WAY,ELK GROVE,95757,CA,3,3,2725,Residential,2008-05-21,335750,38.398609,-121.450148,123.21100917431193
9723 TERRAPIN CT,ELK GROVE,95757,CA,4,3,2354,Residential,2008-05-21,335750,38.403492,-121.430224,142.62956669498726
100 REBECCA WAY,FOLSOM,95630,CA,3,2,2185,Residential,2008-05-21,344250,38.68479,-121.149199,157.55148741418765
9488 OAK VILLAGE WAY,ELK GROVE,95758,CA,4,2,1801,Residential,2008-05-21,346210,38.41333,-121.404999,192.23209328151026
8495 DARTFORD DR,SACRAMENTO,95823,CA,3,3,1961,Residential,2008-05-21,347029,38.448507,-121.421346,176.9653238143804
6708 PONTA DO SOL WAY,ELK GROVE,95757,CA,4,2,3134,Residential,2008-05-21,347650,38.380635,-121.425538,110.92852584556478
4143 SEA MEADOW WAY,SACRAMENTO,95823,CA,4,3,1915,Residential,2008-05-21,351300,38.46534,-121.457519,183.44647519582244
15300 MURIETA SOUTH PKWY,RANCHO MURIETA,95683,CA,4,3,2734,Residential,2008-05-21,370500,38.4874,-121.075129,135.5157278712509
11215 SHARRMONT CT,WILTON,95693,CA,3,2,2110,Residential,2008-05-21,372000,38.35062,-121.228349,176.30331753554503
7105 DANBERG WAY,ELK GROVE,95757,CA,5,3,3164,Residential,2008-05-21,375000,38.4019,-121.420388,118.52085967130215
5579 JERRY LITELL WAY,SACRAMENTO,95835,CA,5,3,3599,Residential,2008-05-21,381300,38.677126,-121.500519,105.94609613781606
1050 FOXHALL WAY,SACRAMENTO,95831,CA,4,2,2054,Residential,2008-05-21,381942,38.509819,-121.519661,185.95034079844206
7837 ABBINGTON WAY,ANTELOPE,95843,CA,4,2,1830,Residential,2008-05-21,387731,38.709873,-121.339472,211.87486338797814
1300 F ST,SACRAMENTO,95814,CA,3,3,1627,Residential,2008-05-21,391000,38.58355,-121.487289,240.319606637984
6801 RAWLEY WAY,ELK GROVE,95757,CA,4,3,3440,Residential,2008-05-21,394470,38.408351,-121.423925,114.67151162790698
1693 SHELTER COVE DR,GREENWOOD,95635,CA,3,2,2846,Residential,2008-05-21,395000,38.945357,-120.908822,138.7912860154603
9361 WADDELL LN,ELK GROVE,95624,CA,4,3,2359,Residential,2008-05-21,400186,38.450829,-121.349928,169.64222128020347
10 SEA FOAM CT,SACRAMENTO,95831,CA,3,3,2052,Residential,2008-05-21,415000,38.487885,-121.545947,202.24171539961014
6945 RIO TEJO WAY,ELK GROVE,95757,CA,5,3,3433,Residential,2008-05-21,425000,38.385638,-121.422616,123.79842703175065
4186 TULIP PARK WAY,RANCHO CORDOVA,95742,CA,5,3,3615,Residential,2008-05-21,430000,38.550617,-121.23526,118.94882434301522
483 ARCADE BLVD,SACRAMENTO,95815,CA,4,2,1316,Residential,2008-05-20,89000,38.623571,-121.454884,67.62917933130699
671 SONOMA AVE,SACRAMENTO,95815,CA,3,1,1337,Residential,2008-05-20,90000,38.622953,-121.450142,67.31488406881077
5980 79TH ST,SACRAMENTO,95824,CA,2,1,868,Residential,2008-05-20,90000,38.518373,-121.411779,103.68663594470046
7607 ELDER CREEK RD,SACRAMENTO,95824,CA,3,1,924,Residential,2008-05-20,92000,38.51055,-121.414768,99.56709956709956
5028 14TH AVE,SACRAMENTO,95820,CA,2,1,610,Residential,2008-05-20,93675,38.53942,-121.446894,153.5655737704918
1069 ACACIA AVE,SACRAMENTO,95815,CA,2,1,1220,Residential,2008-05-20,98000,38.621998,-121.442238,80.32786885245902
5201 LAGUNA OAKS DR Unit 199,ELK GROVE,95758,CA,1,1,722,Condo,2008-05-20,98000,38.423251,-121.444489,135.73407202216066
3847 LAS PASAS WAY,SACRAMENTO,95864,CA,3,1,1643,Residential,2008-05-20,99000,38.588672,-121.373916,60.255629945222154
5201 LAGUNA OAKS DR Unit 172,ELK GROVE,95758,CA,1,1,722,Condo,2008-05-20,100000,38.423251,-121.444489,138.50415512465375
1121 CREEKSIDE WAY,GALT,95632,CA,3,1,1080,Residential,2008-05-20,106716,38.241514,-121.312199,98.81111111111112
5307 CABRILLO WAY,SACRAMENTO,95820,CA,3,1,1039,Residential,2008-05-20,111000,38.52712,-121.435348,106.8334937439846
3725 DON JULIO BLVD,NORTH HIGHLANDS,95660,CA,3,1,1051,Residential,2008-05-20,111000,38.67895,-121.379406,105.61370123691722
4803 MCCLOUD DR,SACRAMENTO,95842,CA,2,2,967,Residential,2008-05-20,114800,38.682279,-121.352817,118.717683557394
10542 SILVERWOOD WAY,RANCHO CORDOVA,95670,CA,3,1,1098,Residential,2008-05-20,120108,38.587156,-121.295778,109.3879781420765
6318 39TH AVE,SACRAMENTO,95824,CA,3,1,1050,Residential,2008-05-20,123225,38.518942,-121.430158,117.35714285714286
211 MCDANIEL CIR,SACRAMENTO,95838,CA,3,2,1110,Residential,2008-05-20,123750,38.636565,-121.460383,111.48648648648648
3800 LYNHURST WAY,NORTH HIGHLANDS,95660,CA,3,1,888,Residential,2008-05-20,125000,38.650445,-121.374861,140.76576576576576
6139 HERMOSA ST,SACRAMENTO,95822,CA,3,2,1120,Residential,2008-05-20,125000,38.514665,-121.480411,111.60714285714286
2505 RHINE WAY,ELVERTA,95626,CA,3,2,1080,Residential,2008-05-20,126000,38.717976,-121.407684,116.66666666666667
3692 PAYNE WAY,NORTH HIGHLANDS,95660,CA,3,1,957,Residential,2008-05-20,129000,38.66654,-121.378298,134.79623824451411
604 MORRISON AVE,SACRAMENTO,95838,CA,2,1,952,Residential,2008-05-20,134000,38.637678,-121.452476,140.7563025210084
648 SANTA ANA AVE,SACRAMENTO,95838,CA,3,2,1211,Residential,2008-05-20,135000,38.658478,-121.450409,111.47811725846408
14 ASHLEY OAKS CT,SACRAMENTO,95815,CA,3,2,1264,Residential,2008-05-20,135500,38.61779,-121.436765,107.1993670886076
3174 NORTHVIEW DR,SACRAMENTO,95833,CA,3,1,1080,Residential,2008-05-20,140000,38.623817,-121.477827,129.62962962962962
840 TRANQUIL LN,GALT,95632,CA,3,2,1266,Residential,2008-05-20,140000,38.270617,-121.299205,110.58451816745655
5333 PRIMROSE DR Unit 19A,FAIR OAKS,95628,CA,2,2,994,Condo,2008-05-20,142500,38.662785,-121.276272,143.36016096579476
1035 MILLET WAY,SACRAMENTO,95834,CA,3,2,1202,Residential,2008-05-20,143500,38.631056,-121.48508,119.38435940099833
3328 22ND AVE,SACRAMENTO,95820,CA,2,1,722,Residential,2008-05-20,145000,38.532727,-121.470783,200.83102493074793
8001 HARTWICK WAY,SACRAMENTO,95828,CA,4,2,1448,Residential,2008-05-20,145000,38.488623,-121.410582,100.13812154696133
7812 HARTWICK WAY,SACRAMENTO,95828,CA,3,2,1188,Residential,2008-05-20,145000,38.488611,-121.412808,122.05387205387206
4207 PAINTER WAY,NORTH HIGHLANDS,95660,CA,4,2,1183,Residential,2008-05-20,146000,38.692915,-121.367497,123.41504649196956
7458 WINKLEY WAY,SACRAMENTO,95822,CA,3,1,1320,Residential,2008-05-20,148500,38.487444,-121.491366,112.5
8354 SUNRISE WOODS WAY,SACRAMENTO,95828,CA,3,2,1117,Residential,2008-05-20,149000,38.473288,-121.3963,133.3930170098478
8116 COTTONMILL CIR,SACRAMENTO,95828,CA,3,2,1364,Residential,2008-05-20,150000,38.482876,-121.405912,109.97067448680352
4660 CEDARWOOD WAY,SACRAMENTO,95823,CA,4,2,1310,Residential,2008-05-20,150000,38.484834,-121.449316,114.50381679389314
9254 HARROGATE WAY,ELK GROVE,95758,CA,2,2,1006,Residential,2008-05-20,152000,38.420138,-121.412179,151.0934393638171
6716 TAREYTON WAY,CITRUS HEIGHTS,95621,CA,3,2,1104,Residential,2008-05-20,156000,38.693724,-121.307169,141.30434782608697
2028 ROBERT WAY,SACRAMENTO,95825,CA,2,1,810,Residential,2008-05-20,156000,38.609982,-121.419263,192.59259259259258
9346 AIZENBERG CIR,ELK GROVE,95624,CA,2,2,1123,Residential,2008-05-20,156000,38.41875,-121.370019,138.91362422083705
4524 LOCH HAVEN WAY,SACRAMENTO,95842,CA,2,1,904,Residential,2008-05-20,157788,38.67273,-121.359645,174.54424778761063
7140 BLUE SPRINGS WAY,CITRUS HEIGHTS,95621,CA,3,2,1156,Residential,2008-05-20,161653,38.720653,-121.302241,139.83823529411765
4631 11TH AVE,SACRAMENTO,95820,CA,2,1,1321,Residential,2008-05-20,161829,38.541965,-121.452132,122.50492051476155
3228 BAGGAN CT,ANTELOPE,95843,CA,3,2,1392,Residential,2008-05-20,165000,38.715346,-121.388163,118.53448275862068
8515 DARTFORD DR,SACRAMENTO,95823,CA,3,2,1439,Residential,2008-05-20,168000,38.448288,-121.420719,116.74774148714386
4500 TIPPWOOD WAY,SACRAMENTO,95842,CA,3,2,1159,Residential,2008-05-20,169000,38.69951,-121.359989,145.8153580672994
2460 EL ROCCO WAY,RANCHO CORDOVA,95670,CA,3,2,1671,Residential,2008-05-20,175000,38.591477,-121.31534,104.7277079593058
8244 SUNBIRD WAY,SACRAMENTO,95823,CA,3,2,1740,Residential,2008-05-20,176250,38.457654,-121.431381,101.29310344827586
5841 VALLEY VALE WAY,SACRAMENTO,95823,CA,3,2,1265,Residential,2008-05-20,179000,38.461283,-121.434322,141.50197628458497
7863 CRESTLEIGH CT,ANTELOPE,95843,CA,2,2,1007,Residential,2008-05-20,180000,38.710889,-121.358876,178.74875868917576
7129 SPRINGMONT DR,ELK GROVE,95758,CA,3,2,1716,Residential,2008-05-20,180400,38.417649,-121.420294,105.12820512820512
8284 RED FOX WAY,ELK GROVE,95758,CA,4,2,1685,Residential,2008-05-20,182000,38.417182,-121.397231,108.01186943620178
2219 EL CANTO CIR,RANCHO CORDOVA,95670,CA,4,2,1829,Residential,2008-05-20,184500,38.592383,-121.318669,100.87479496992893
8907 GEMWOOD WAY,ELK GROVE,95758,CA,3,2,1555,Residential,2008-05-20,185000,38.435471,-121.441173,118.97106109324758
5925 MALEVILLE AVE,CARMICHAEL,95608,CA,4,2,1120,Residential,2008-05-20,189000,38.666564,-121.325717,168.75
7031 CANEVALLEY CIR,CITRUS HEIGHTS,95621,CA,3,2,1137,Residential,2008-05-20,194000,38.718693,-121.303619,170.62445030782763
3949 WILDROSE WAY,SACRAMENTO,95826,CA,3,1,1174,Residential,2008-05-20,195000,38.543697,-121.366683,166.09880749574106
4437 MITCHUM CT,ANTELOPE,95843,CA,3,2,1393,Residential,2008-05-20,200000,38.704407,-121.36113,143.57501794687724
8151 QUAIL RIDGE CT,SACRAMENTO,95828,CA,3,2,1289,Residential,2008-05-20,205000,38.461296,-121.390858,159.03801396431342
4899 WIND CREEK DR,SACRAMENTO,95838,CA,4,2,1799,Residential,2008-05-20,205000,38.655887,-121.446119,113.95219566425791
6049 HAMBURG WAY,SACRAMENTO,95823,CA,4,3,1953,Residential,2008-05-20,205000,38.443253,-121.431992,104.96671786994368
4232 71ST ST,SACRAMENTO,95820,CA,2,1,723,Residential,2008-05-20,207000,38.536741,-121.42115,286.3070539419087
1889 COLD SPRINGS RD,PLACERVILLE,95667,CA,2,1,948,Residential,2008-05-20,211500,38.739774,-120.860243,223.1012658227848
5805 HIMALAYA WAY,CITRUS HEIGHTS,95621,CA,4,2,1578,Residential,2008-05-20,215000,38.696489,-121.328555,136.24841571609633
7944 SYLVAN OAK WAY,CITRUS HEIGHTS,95610,CA,3,2,1317,Residential,2008-05-20,215000,38.710388,-121.261096,163.24981017463932
6217 LEOLA WAY,SACRAMENTO,95824,CA,3,1,1360,Residential,2008-05-20,222381,38.513066,-121.451909,163.51544117647057
3035 BRUNNET LN,SACRAMENTO,95833,CA,3,2,1522,Residential,2008-05-20,225000,38.624762,-121.522775,147.8318002628121
3025 EL PRADO WAY,SACRAMENTO,95825,CA,4,2,1751,Residential,2008-05-20,225000,38.606603,-121.394147,128.49800114220446
9387 GRANITE FALLS CT,ELK GROVE,95624,CA,3,2,1465,Residential,2008-05-20,225000,38.419214,-121.348533,153.5836177474403
9257 CALDERA WAY,SACRAMENTO,95826,CA,4,2,1605,Residential,2008-05-20,228000,38.55821,-121.355022,142.05607476635515
441 ARLINGDALE CIR,RIO LINDA,95673,CA,4,2,1475,Residential,2008-05-20,229665,38.702893,-121.454949,155.70508474576272
2284 LOS ROBLES RD,MEADOW VISTA,95722,CA,3,1,1216,Residential,2008-05-20,230000,39.008159,-121.03623,189.14473684210526
8164 CHENIN BLANC LN,FAIR OAKS,95628,CA,2,2,1315,Residential,2008-05-20,230000,38.665644,-121.259969,174.90494296577947
4620 CHAMBERLIN CIR,ELK GROVE,95757,CA,3,2,1567,Residential,2008-05-20,230000,38.390557,-121.449805,146.77728142948308
5340 BIRK WAY,SACRAMENTO,95835,CA,3,2,1776,Residential,2008-05-20,234000,38.672495,-121.515251,131.75675675675674
51 ANJOU CIR,SACRAMENTO,95835,CA,3,2,2187,Residential,2008-05-20,235000,38.661658,-121.540633,107.45313214449017
2125 22ND AVE,SACRAMENTO,95822,CA,3,1,1291,Residential,2008-05-20,236250,38.534596,-121.493121,182.9976762199845
7344 BUTTERBALL WAY,SACRAMENTO,95842,CA,3,2,1503,Residential,2008-05-20,245000,38.699489,-121.361828,163.00731869594145
8219 GWINHURST CIR,SACRAMENTO,95828,CA,4,3,2491,Residential,2008-05-20,245000,38.459711,-121.384283,98.35407466880771
3240 S ST,SACRAMENTO,95816,CA,2,1,1269,Residential,2008-05-20,245000,38.562296,-121.467489,193.06540583136328
5706 GREENACRES WAY,ORANGEVALE,95662,CA,3,2,1176,Residential,2008-05-20,250000,38.669882,-121.213533,212.58503401360545
6900 LONICERA DR,ORANGEVALE,95662,CA,4,2,1456,Residential,2008-05-20,250000,38.692199,-121.250975,171.7032967032967
419 DAWNRIDGE RD,ROSEVILLE,95678,CA,3,2,1498,Residential,2008-05-20,250000,38.725283,-121.297953,166.88918558077435
5312 MARBURY WAY,ANTELOPE,95843,CA,3,2,1574,Residential,2008-05-20,255000,38.710221,-121.341651,162.00762388818296
6344 BONHAM CIR,CITRUS HEIGHTS,95610,CA,5,4,2085,Multi-Family,2008-05-20,256054,38.682358,-121.272876,122.80767386091127
8207 YORKTON WAY,SACRAMENTO,95829,CA,3,2,2170,Residential,2008-05-20,257729,38.45967,-121.360461,118.76912442396313
7922 MANSELL WAY,ELK GROVE,95758,CA,4,2,1595,Residential,2008-05-20,260000,38.409634,-121.410787,163.00940438871473
5712 MELBURY CIR,ANTELOPE,95843,CA,3,2,1567,Residential,2008-05-20,261000,38.705849,-121.334701,166.56030631780473
1570 GLIDDEN AVE,SACRAMENTO,95822,CA,4,2,1253,Residential,2008-05-20,264469,38.482704,-121.500433,211.06863527533918
8108 FILIFERA WAY,ANTELOPE,95843,CA,4,3,1768,Residential,2008-05-20,265000,38.717042,-121.35468,149.8868778280543
5342 CALABRIA WAY,SACRAMENTO,95835,CA,4,3,2030,Residential,2008-05-20,270000,38.671807,-121.498274,133.00492610837438
47 NAPONEE CT,SACRAMENTO,95835,CA,3,2,1531,Residential,2008-05-20,270000,38.665704,-121.529096,176.35532331809276
8864 REMBRANT CT,ELK GROVE,95624,CA,4,3,1653,Residential,2008-05-20,275000,38.435288,-121.375703,166.3641863278887
9455 SEA CLIFF WAY,ELK GROVE,95758,CA,4,2,2056,Residential,2008-05-20,275000,38.411522,-121.481406,133.75486381322958
9720 LITTLE HARBOR WAY,ELK GROVE,95624,CA,4,3,2494,Residential,2008-05-20,280000,38.404934,-121.352405,112.26944667201283
8806 PHOENIX AVE,FAIR OAKS,95628,CA,3,2,1450,Residential,2008-05-20,286013,38.660322,-121.230101,197.25034482758622
3578 LOGGERHEAD WAY,SACRAMENTO,95834,CA,4,2,2169,Residential,2008-05-20,292000,38.633028,-121.526755,134.62425080682343
1416 LOCKHART WAY,ROSEVILLE,95747,CA,3,2,1440,Residential,2008-05-20,292000,38.752399,-121.330328,202.77777777777777
5413 BUENA VENTURA WAY,FAIR OAKS,95628,CA,3,2,1527,Residential,2008-05-20,293993,38.664552,-121.255937,192.5297969875573
37 WHITE BIRCH CT,ROSEVILLE,95678,CA,3,2,1401,Residential,2008-05-20,294000,38.776327,-121.284514,209.85010706638116
405 MARLIN SPIKE WAY,SACRAMENTO,95838,CA,3,2,1411,Residential,2008-05-20,296769,38.65783,-121.456842,210.32530120481928
7320 6TH ST,RIO LINDA,95673,CA,3,1,1284,Residential,2008-05-20,300000,38.700553,-121.452223,233.6448598130841
993 MANTON CT,GALT,95632,CA,4,3,2307,Residential,2008-05-20,300000,38.272942,-121.289148,130.03901170351105
4487 PANORAMA DR,PLACERVILLE,95667,CA,3,2,1329,Residential,2008-05-20,300000,38.694559,-120.848157,225.73363431151242
5651 OVERLEAF WAY,SACRAMENTO,95835,CA,4,2,1910,Residential,2008-05-20,300500,38.677454,-121.494791,157.32984293193718
2015 PROMONTORY POINT LN,GOLD RIVER,95670,CA,3,2,1981,Residential,2008-05-20,305000,38.628732,-121.261149,153.96264512872287
8 RIVER RAFT CT,SACRAMENTO,95823,CA,4,2,2205,Residential,2008-05-20,319789,38.447353,-121.434969,145.02902494331065
2251 LAMPLIGHT LN,LINCOLN,95648,CA,2,2,1449,Residential,2008-05-20,330000,38.849924,-121.275729,227.7432712215321
106 FARHAM DR,FOLSOM,95630,CA,3,2,1258,Residential,2008-05-20,330000,38.667834,-121.168578,262.3211446740859
5405 NECTAR CIR,ELK GROVE,95757,CA,3,2,2575,Residential,2008-05-20,331000,38.387014,-121.440967,128.54368932038835
5411 10TH AVE,SACRAMENTO,95820,CA,2,1,539,Residential,2008-05-20,334000,38.542727,-121.442449,619.6660482374768
3512 RAINSONG CIR,RANCHO CORDOVA,95670,CA,4,3,2208,Residential,2008-05-20,336000,38.573488,-121.282809,152.17391304347825
1106 55TH ST,SACRAMENTO,95819,CA,3,1,1108,Residential,2008-05-20,339000,38.563805,-121.436395,305.956678700361
411 ILLSLEY WAY,FOLSOM,95630,CA,4,2,1595,Residential,2008-05-20,339000,38.652002,-121.129504,212.53918495297805
796 BUTTERCUP CIR,GALT,95632,CA,4,2,2159,Residential,2008-05-20,345000,38.279581,-121.300828,159.79620194534508
1230 SANDRA CIR,PLACERVILLE,95667,CA,4,3,2295,Residential,2008-05-20,350000,38.738141,-120.784145,152.5054466230937
318 ANACAPA DR,ROSEVILLE,95678,CA,3,2,1838,Residential,2008-05-20,356000,38.782094,-121.297133,193.68879216539716
3975 SHINING STAR DR,SACRAMENTO,95823,CA,4,2,1900,Residential,2008-05-20,361745,38.487409,-121.461413,190.3921052631579
1620 BASLER ST,SACRAMENTO,95811,CA,4,2,1718,Residential,2008-05-20,361948,38.591822,-121.478644,210.67986030267753
9688 NATURE TRAIL WAY,ELK GROVE,95757,CA,5,3,3389,Residential,2008-05-20,370000,38.405224,-121.479275,109.17674830333432
9629 CEDAR OAK WAY,ELK GROVE,95757,CA,5,4,3260,Residential,2008-05-20,385000,38.405527,-121.431746,118.09815950920246
3429 FERNBROOK CT,CAMERON PARK,95682,CA,3,2,2016,Residential,2008-05-20,399000,38.664225,-121.007173,197.91666666666666
2121 HANNAH WAY,ROCKLIN,95765,CA,4,2,2607,Residential,2008-05-20,402000,38.805749,-121.280931,154.20023014959725
10104 ANNIE ST,ELK GROVE,95757,CA,4,3,2724,Residential,2008-05-20,406026,38.390465,-121.443479,149.05506607929516
1092 MAUGHAM CT,GALT,95632,CA,5,4,3746,Residential,2008-05-20,420000,38.271646,-121.286848,112.11959423384944
6306 CONEJO,RANCHO MURIETA,95683,CA,4,2,3192,Residential,2008-05-20,425000,38.512602,-121.087233,133.1453634085213
427 21ST ST,SACRAMENTO,95811,CA,2,1,1247,Residential,2008-05-20,445000,38.582604,-121.47576,356.85645549318366
1044 GALSTON DR,FOLSOM,95630,CA,4,2,2581,Residential,2008-05-20,450000,38.676306,-121.09954,174.35102673382409
7109 CHANDLER DR,SACRAMENTO,95828,CA,3,1,1013,Residential,2008-05-19,85000,38.497237,-121.424187,83.90918065153011
7541 SKELTON WAY,SACRAMENTO,95822,CA,3,1,1012,Residential,2008-05-19,90000,38.484274,-121.488851,88.93280632411067
9058 MONTOYA ST,SACRAMENTO,95826,CA,2,1,795,Condo,2008-05-19,90000,38.559144,-121.368387,113.20754716981132
1016 CONGRESS AVE,SACRAMENTO,95838,CA,2,2,918,Residential,2008-05-19,91000,38.630151,-121.442789,99.12854030501089
540 MORRISON AVE,SACRAMENTO,95838,CA,3,1,1082,Residential,2008-05-19,95000,38.637704,-121.453946,87.8003696857671
5303 JERRETT WAY,SACRAMENTO,95842,CA,2,1,964,Residential,2008-05-19,97500,38.663282,-121.359631,101.14107883817428
2820 DEL PASO BLVD,SACRAMENTO,95815,CA,4,2,1404,Multi-Family,2008-05-19,100000,38.617718,-121.440089,71.22507122507122
3715 TALLYHO DR Unit 78HIGH,SACRAMENTO,95826,CA,1,1,625,Condo,2008-05-19,100000,38.544627,-121.35796,160.0
6013 ROWAN WAY,CITRUS HEIGHTS,95621,CA,2,1,888,Residential,2008-05-19,101000,38.675893,-121.2963,113.73873873873873
2987 PONDEROSA LN,SACRAMENTO,95815,CA,4,2,1120,Residential,2008-05-19,102750,38.622243,-121.457863,91.74107142857143
3732 LANKERSHIM WAY,NORTH HIGHLANDS,95660,CA,3,1,1331,Residential,2008-05-19,112500,38.68972,-121.378399,84.5229151014275
2216 DUNLAP DR,SACRAMENTO,95821,CA,3,1,1014,Residential,2008-05-19,113000,38.623738,-121.41305,111.43984220907298
3503 21ST AVE,SACRAMENTO,95820,CA,4,2,1448,Residential,2008-05-19,114000,38.53361,-121.469308,78.7292817679558
523 EXCHANGE ST,SACRAMENTO,95838,CA,3,1,966,Residential,2008-05-19,114000,38.659414,-121.45408,118.01242236024845
8101 PORT ROYALE WAY,SACRAMENTO,95823,CA,2,1,779,Residential,2008-05-19,114750,38.463929,-121.438667,147.30423620025675
8020 WALERGA RD,ANTELOPE,95843,CA,2,2,836,Condo,2008-05-19,115000,38.71607,-121.364468,137.55980861244018
167 VALLEY OAK DR,ROSEVILLE,95678,CA,2,2,1100,Condo,2008-05-19,115000,38.732429,-121.288069,104.54545454545455
7876 BURLINGTON WAY,SACRAMENTO,95832,CA,3,1,1174,Residential,2008-05-19,116100,38.470093,-121.468347,98.89267461669506
3726 JONKO AVE,NORTH HIGHLANDS,95660,CA,3,2,1207,Residential,2008-05-19,119250,38.656131,-121.377265,98.7986743993372
7342 GIGI PL,SACRAMENTO,95828,CA,4,4,1995,Multi-Family,2008-05-19,120000,38.490704,-121.410176,60.150375939849624
2610 PHYLLIS AVE,SACRAMENTO,95820,CA,2,1,804,Residential,2008-05-19,120000,38.53105,-121.479574,149.2537313432836
4200 COMMERCE WAY Unit 711,SACRAMENTO,95834,CA,2,2,958,Condo,2008-05-19,120000,38.647523,-121.523217,125.26096033402922
4621 COUNTRY SCENE WAY,SACRAMENTO,95823,CA,3,2,1366,Residential,2008-05-19,120108,38.470187,-121.448149,87.9267935578331
5380 VILLAGE WOOD DR,SACRAMENTO,95823,CA,2,2,901,Residential,2008-05-19,121500,38.454949,-121.440578,134.850166481687
2621 EVERGREEN ST,SACRAMENTO,95815,CA,3,1,696,Residential,2008-05-19,121725,38.613103,-121.444085,174.89224137931035
201 CARLO CT,GALT,95632,CA,3,2,1080,Residential,2008-05-19,122000,38.24227,-121.31032,112.96296296296296
6743 21ST ST,SACRAMENTO,95822,CA,3,2,1104,Residential,2008-05-19,123000,38.50372,-121.490657,111.41304347826087
3128 VIA GRANDE,SACRAMENTO,95825,CA,2,1,972,Residential,2008-05-19,125000,38.598321,-121.39161,128.6008230452675
2847 BELGRADE WAY,SACRAMENTO,95833,CA,4,2,1390,Residential,2008-05-19,125573,38.617173,-121.482541,90.34028776978417
7741 MILLDALE CIR,ELVERTA,95626,CA,4,2,1354,Residential,2008-05-19,126714,38.705834,-121.43919,93.58493353028065
9013 CASALS ST,SACRAMENTO,95826,CA,2,1,795,Condo,2008-05-19,126960,38.557045,-121.37167,159.69811320754718
227 MAHAN CT Unit 1,ROSEVILLE,95678,CA,2,1,780,Condo,2008-05-19,127000,38.749723,-121.27008,162.82051282051282
7349 FLETCHER FARM DR,SACRAMENTO,95828,CA,4,2,1587,Residential,2008-05-19,127500,38.49069,-121.382619,80.34026465028356
7226 LARCHMONT DR,NORTH HIGHLANDS,95660,CA,3,2,1209,Residential,2008-05-19,130000,38.699269,-121.376334,107.52688172043011
4114 35TH AVE,SACRAMENTO,95824,CA,2,1,1139,Residential,2008-05-19,133105,38.520941,-121.459355,116.8612818261633
617 M ST,RIO LINDA,95673,CA,2,2,1690,Residential,2008-05-19,136500,38.691104,-121.451832,80.76923076923077
7032 FAIR OAKS BLVD,CARMICHAEL,95608,CA,3,2,1245,Condo,2008-05-19,139500,38.628563,-121.328297,112.04819277108433
2421 SANTINA WAY,ELVERTA,95626,CA,3,2,1416,Residential,2008-05-19,140000,38.71865,-121.407763,98.87005649717514
2368 CRAIG AVE,SACRAMENTO,95832,CA,3,2,1300,Residential,2008-05-19,140800,38.47807,-121.48114,108.3076923076923
2123 AMANDA WAY,SACRAMENTO,95822,CA,3,2,1120,Residential,2008-05-19,145000,38.484896,-121.486948,129.46428571428572
7620 DARLA WAY,SACRAMENTO,95828,CA,4,2,1590,Residential,2008-05-19,147000,38.478502,-121.403517,92.45283018867924
8344 FIELDPOPPY CIR,SACRAMENTO,95828,CA,3,2,1407,Residential,2008-05-19,149600,38.479083,-121.400702,106.32551528073917
3624 20TH AVE,SACRAMENTO,95820,CA,5,2,1516,Residential,2008-05-19,150000,38.534508,-121.467907,98.94459102902374
2848 PROVO WAY,SACRAMENTO,95822,CA,3,2,1646,Residential,2008-05-19,150000,38.489759,-121.474754,91.13001215066829
6045 EHRHARDT AVE,SACRAMENTO,95823,CA,3,2,1676,Residential,2008-05-19,155000,38.457157,-121.433065,92.48210023866348
1223 LAMBERTON CIR,SACRAMENTO,95838,CA,3,2,1370,Residential,2008-05-19,155435,38.646677,-121.437573,113.45620437956204
1223 LAMBERTON CIR,SACRAMENTO,95838,CA,3,2,1370,Residential,2008-05-19,155500,38.646677,-121.437573,113.5036496350365
6000 BIRCHGLADE WAY,CITRUS HEIGHTS,95621,CA,4,2,1351,Residential,2008-05-19,158000,38.70166,-121.323249,116.95040710584752
7204 THOMAS DR,NORTH HIGHLANDS,95660,CA,3,2,1152,Residential,2008-05-19,158000,38.697898,-121.377687,137.15277777777777
8363 LANGTREE WAY,SACRAMENTO,95823,CA,3,2,1452,Residential,2008-05-19,160000,38.45356,-121.435959,110.19283746556474
1675 VERNON ST Unit 8,ROSEVILLE,95678,CA,2,1,990,Residential,2008-05-19,160000,38.734136,-121.299639,161.6161616161616
6632 IBEX WOODS CT,CITRUS HEIGHTS,95621,CA,2,2,1162,Residential,2008-05-19,164000,38.720868,-121.309855,141.13597246127367
117 EVCAR WAY,RIO LINDA,95673,CA,3,2,1182,Residential,2008-05-19,164000,38.687659,-121.4633,138.74788494077833
6485 LAGUNA MIRAGE LN,ELK GROVE,95758,CA,2,2,1112,Residential,2008-05-19,165000,38.42465,-121.430137,148.38129496402877
746 MOOSE CREEK WAY,GALT,95632,CA,3,2,1100,Residential,2008-05-19,167000,38.283085,-121.302071,151.8181818181818
8306 CURLEW CT,CITRUS HEIGHTS,95621,CA,4,2,1280,Residential,2008-05-19,167293,38.715781,-121.298519,130.69765625
8306 CURLEW CT,CITRUS HEIGHTS,95621,CA,4,2,1280,Residential,2008-05-19,167293,38.715781,-121.298519,130.69765625
5217 ARGO WAY,SACRAMENTO,95820,CA,3,1,1039,Residential,2008-05-19,168000,38.52774,-121.433669,161.6939364773821
7108 HEATHER TREE DR,SACRAMENTO,95842,CA,3,2,1159,Residential,2008-05-19,170000,38.695677,-121.36022,146.6781708369284
2956 DAVENPORT WAY,SACRAMENTO,95833,CA,4,2,1917,Residential,2008-05-19,170000,38.620687,-121.482619,88.68022952529995
10062 LINCOLN VILLAGE DR,SACRAMENTO,95827,CA,3,2,1520,Residential,2008-05-19,170000,38.564,-121.320023,111.84210526315789
332 PALIN AVE,GALT,95632,CA,3,2,1204,Residential,2008-05-19,174000,38.260467,-121.302636,144.51827242524917
4649 FREEWAY CIR,SACRAMENTO,95841,CA,3,2,1120,Residential,2008-05-19,178000,38.658734,-121.357196,158.92857142857142
8593 DERLIN WAY,SACRAMENTO,95823,CA,3,2,1436,Residential,2008-05-19,180000,38.447585,-121.426627,125.34818941504179
9273 PREMIER WAY,SACRAMENTO,95826,CA,3,2,1451,Residential,2008-05-19,180000,38.55992,-121.352539,124.05237767057201
8032 DUSENBERG CT,SACRAMENTO,95828,CA,4,2,1638,Residential,2008-05-19,180000,38.466499,-121.381119,109.89010989010988
7110 STELLA LN Unit 15,CARMICHAEL,95608,CA,2,2,1000,Condo,2008-05-19,182000,38.637396,-121.300055,182.0
1786 PIEDMONT WAY,ROSEVILLE,95661,CA,3,1,1152,Residential,2008-05-19,188325,38.72748,-121.256537,163.4765625
1347 HIDALGO CIR,ROSEVILLE,95747,CA,3,2,1154,Residential,2008-05-19,191500,38.747878,-121.311279,165.94454072790293
212 CAPPUCINO WAY,SACRAMENTO,95838,CA,3,2,1353,Residential,2008-05-19,192000,38.657811,-121.465327,141.9068736141907
5938 WOODBRIAR WAY,CITRUS HEIGHTS,95621,CA,3,2,1329,Residential,2008-05-19,192700,38.706152,-121.325399,144.99623777276148
3801 WILDROSE WAY,SACRAMENTO,95826,CA,3,1,1356,Residential,2008-05-19,195000,38.544368,-121.369979,143.8053097345133
508 SAMUEL WAY,SACRAMENTO,95838,CA,3,2,1505,Residential,2008-05-19,197654,38.645689,-121.452766,131.33156146179402
6128 CARL SANDBURG CIR,SACRAMENTO,95842,CA,3,1,1009,Residential,2008-05-19,198000,38.681541,-121.355616,196.2338949454906
1 KENNELFORD CIR,SACRAMENTO,95823,CA,3,2,1144,Residential,2008-05-19,200345,38.46452,-121.427606,175.12674825174824
909 SINGINGWOOD RD,SACRAMENTO,95864,CA,2,1,930,Residential,2008-05-19,203000,38.581471,-121.38839,218.27956989247312
6671 FOXWOOD CT,SACRAMENTO,95841,CA,4,2,1766,Residential,2008-05-19,207000,38.687943,-121.328883,117.2140430351076
8165 AYN RAND CT,SACRAMENTO,95828,CA,4,3,1940,Residential,2008-05-19,208000,38.468639,-121.403265,107.21649484536083
9474 VILLAGE TREE DR,ELK GROVE,95758,CA,4,2,1776,Residential,2008-05-19,210000,38.413947,-121.408276,118.24324324324324
7213 CALVIN DR,CITRUS HEIGHTS,95621,CA,3,1,1258,Residential,2008-05-19,212000,38.698154,-121.298375,168.5214626391097
8167 DERBY PARK CT,SACRAMENTO,95828,CA,4,2,1872,Residential,2008-05-19,213675,38.460492,-121.373379,114.1426282051282
6344 LAGUNA MIRAGE LN,ELK GROVE,95758,CA,2,2,1112,Residential,2008-05-19,213697,38.423963,-121.428875,192.17356115107913
2945 RED HAWK WAY,SACRAMENTO,95833,CA,4,2,1856,Residential,2008-05-19,215000,38.619675,-121.496903,115.84051724137932
3228 I ST,SACRAMENTO,95816,CA,4,3,1939,Residential,2008-05-19,215000,38.573844,-121.462839,110.881897885508
308 ATKINSON ST,ROSEVILLE,95678,CA,3,1,998,Residential,2008-05-19,215100,38.746794,-121.29971,215.5310621242485
624 HOVEY WAY,ROSEVILLE,95678,CA,3,2,1758,Residential,2008-05-19,217500,38.756149,-121.306479,123.72013651877133
110 COPPER LEAF WAY,SACRAMENTO,95838,CA,3,2,2142,Residential,2008-05-19,218000,38.658466,-121.460661,101.77404295051353
7535 ALMA VISTA WAY,SACRAMENTO,95831,CA,2,1,950,Residential,2008-05-19,220000,38.48403,-121.507641,231.57894736842104
7423 WILSALL CT,ELK GROVE,95758,CA,4,3,1739,Residential,2008-05-19,221000,38.417026,-121.416821,127.08453133985049
8629 VIA ALTA WAY,ELK GROVE,95624,CA,3,2,1516,Residential,2008-05-19,222900,38.398245,-121.380615,147.0316622691293
3318 DAVIDSON DR,ANTELOPE,95843,CA,3,1,988,Residential,2008-05-19,223139,38.705753,-121.388917,225.84919028340082
913 COBDEN CT,GALT,95632,CA,4,2,1555,Residential,2008-05-19,225500,38.282001,-121.295902,145.01607717041801
4419 79TH ST,SACRAMENTO,95820,CA,3,2,1212,Residential,2008-05-19,228327,38.534827,-121.412545,188.38861386138615
3012 SPOONWOOD WAY,SACRAMENTO,95833,CA,4,2,1871,Residential,2008-05-19,230000,38.62478,-121.523474,122.92891501870658
8728 CRYSTAL RIVER WAY,SACRAMENTO,95828,CA,3,2,1302,Residential,2008-05-19,230000,38.47547,-121.380055,176.65130568356375
4709 AMBER LN Unit 1,SACRAMENTO,95841,CA,2,1,756,Condo,2008-05-19,230522,38.657789,-121.354994,304.9232804232804
4508 OLD DAIRY DR,ANTELOPE,95843,CA,4,3,2026,Residential,2008-05-19,231200,38.72286,-121.358939,114.11648568608095
312 RIVER ISLE WAY,SACRAMENTO,95831,CA,3,2,1375,Residential,2008-05-19,232000,38.49026,-121.550527,168.72727272727272
301 OLIVADI WAY,SACRAMENTO,95834,CA,2,2,1250,Condo,2008-05-19,232500,38.644406,-121.549049,186.0
5636 25TH ST,SACRAMENTO,95822,CA,3,1,1058,Residential,2008-05-19,233641,38.523828,-121.481139,220.83270321361059
8721 SPRUCE RIDGE WAY,ANTELOPE,95843,CA,3,2,1187,Residential,2008-05-19,234000,38.727657,-121.391028,197.1356360572873
7461 WINDBRIDGE DR,SACRAMENTO,95831,CA,2,2,1324,Residential,2008-05-19,234500,38.48797,-121.530229,177.11480362537765
8101 LEMON COVE CT,SACRAMENTO,95828,CA,4,3,1936,Residential,2008-05-19,235000,38.462981,-121.408288,121.38429752066116
10949 SCOTSMAN WAY,RANCHO CORDOVA,95670,CA,5,4,2382,Multi-Family,2008-05-19,236000,38.603686,-121.277844,99.07640638119227
617 WILLOW CREEK DR,FOLSOM,95630,CA,3,2,1427,Residential,2008-05-19,236073,38.679626,-121.142609,165.43307638402243
3301 PARK DR Unit 1914,SACRAMENTO,95835,CA,3,2,1678,Condo,2008-05-19,238000,38.665296,-121.531993,141.83551847437425
709 CIMMARON CT,GALT,95632,CA,4,2,1798,Residential,2008-05-19,238861,38.277177,-121.303747,132.84816462736373
3305 RIO ROCA CT,ANTELOPE,95843,CA,4,3,2652,Residential,2008-05-19,239700,38.725079,-121.387698,90.38461538461539
9080 BEDROCK CT,SACRAMENTO,95829,CA,4,2,1816,Residential,2008-05-19,240000,38.456939,-121.362965,132.15859030837004
100 TOURMALINE CIR,SACRAMENTO,95834,CA,5,3,3076,Residential,2008-05-19,240000,38.63437,-121.510779,78.02340702210664
6411 RED BIRCH WAY,ELK GROVE,95758,CA,4,2,1844,Residential,2008-05-19,241000,38.43461,-121.429316,130.6941431670282
4867 LAGUNA DR,SACRAMENTO,95823,CA,3,2,1306,Residential,2008-05-19,245000,38.46179,-121.445371,187.5957120980092
3662 RIVER DR,SACRAMENTO,95833,CA,4,3,2447,Residential,2008-05-19,246000,38.604969,-121.54255,100.53126277073969
6943 WOLFGRAM WAY,SACRAMENTO,95828,CA,4,2,1176,Residential,2008-05-19,247234,38.489215,-121.419546,210.23299319727892
77 RINETTI WAY,RIO LINDA,95673,CA,4,2,1182,Residential,2008-05-19,247480,38.687021,-121.463151,209.37394247038918
1316 I ST,RIO LINDA,95673,CA,3,1,1160,Residential,2008-05-19,249862,38.683674,-121.435204,215.39827586206897
2130 CATHERWOOD WAY,SACRAMENTO,95835,CA,3,2,1424,Residential,2008-05-19,251000,38.675506,-121.510987,176.26404494382024
8304 JUGLANS DR,ORANGEVALE,95662,CA,4,2,1574,Residential,2008-05-19,252155,38.691829,-121.249033,160.20012706480304
5308 MARBURY WAY,ANTELOPE,95843,CA,3,2,1830,Residential,2008-05-19,254172,38.710221,-121.341707,138.8918032786885
9182 LAKEMONT DR,ELK GROVE,95624,CA,4,2,1724,Residential,2008-05-19,258000,38.451353,-121.358776,149.65197215777263
2231 COUNTRY VILLA CT,AUBURN,95603,CA,2,2,1255,Condo,2008-05-19,260000,38.931671,-121.097862,207.17131474103584
361 MAHONIA CIR,SACRAMENTO,95835,CA,4,3,2175,Residential,2008-05-19,261000,38.676172,-121.509761,120.0
3427 LA CADENA WAY,SACRAMENTO,95835,CA,4,2,1904,Residential,2008-05-19,261000,38.681194,-121.537351,137.07983193277312
955 BIG SUR CT,EL DORADO HILLS,95762,CA,4,2,1808,Residential,2008-05-19,262500,38.664347,-121.076529,145.18805309734512
11826 DIONYSUS WAY,RANCHO CORDOVA,95742,CA,4,2,2711,Residential,2008-05-19,266000,38.551046,-121.239411,98.11877535964588
5847 DEL CAMPO LN,CARMICHAEL,95608,CA,3,1,1713,Residential,2008-05-19,266000,38.671995,-121.324339,155.28312901342673
5635 FOXVIEW WAY,ELK GROVE,95757,CA,3,2,1457,Residential,2008-05-19,270000,38.395256,-121.438249,185.31228551818805
10372 VIA CINTA CT,ELK GROVE,95757,CA,4,3,2724,Residential,2008-05-19,274425,38.380089,-121.428186,100.74339207048457
7744 SOUTHBREEZE DR,SACRAMENTO,95828,CA,3,2,1468,Residential,2008-05-19,275336,38.476932,-121.378349,187.55858310626704
2242 ABLE WAY,SACRAMENTO,95835,CA,4,3,2550,Residential,2008-05-19,277980,38.666074,-121.509743,109.01176470588236
1042 STARBROOK DR,GALT,95632,CA,4,2,1928,Residential,2008-05-19,280000,38.285611,-121.293063,145.22821576763485
1219 G ST,SACRAMENTO,95814,CA,3,3,1922,Residential,2008-05-19,284686,38.582818,-121.489096,148.1196670135276
6220 OPUS CT,CITRUS HEIGHTS,95621,CA,3,2,1343,Residential,2008-05-19,284893,38.715853,-121.317095,212.13179448994788
5419 HAVENHURST CIR,ROCKLIN,95677,CA,3,2,1510,Residential,2008-05-19,285000,38.786746,-121.209957,188.74172185430464
220 OLD AIRPORT RD,AUBURN,95603,CA,2,2,960,Multi-Family,2008-05-19,285000,38.939802,-121.054575,296.875
4622 MEYER WAY,CARMICHAEL,95608,CA,4,2,1559,Residential,2008-05-19,285000,38.64913,-121.310667,182.8094932649134
4885 SUMMIT VIEW DR,EL DORADO,95623,CA,3,2,1624,Residential,2008-05-19,289000,38.673285,-120.879176,177.95566502463055
26 JEANROSS CT,SACRAMENTO,95832,CA,5,3,2992,Residential,2008-05-19,295000,38.473162,-121.491085,98.59625668449198
4800 MAPLEPLAIN AVE,ELK GROVE,95758,CA,4,2,2109,Residential,2008-05-19,296000,38.432848,-121.449237,140.35087719298247
10629 BASIE WAY,RANCHO CORDOVA,95670,CA,4,2,1524,Residential,2008-05-19,296056,38.579,-121.292627,194.26246719160105
8612 WILLOW GROVE WAY,SACRAMENTO,95828,CA,3,2,1248,Residential,2008-05-19,297359,38.464994,-121.386962,238.26842948717947
62 DE FER CIR,SACRAMENTO,95823,CA,4,2,1876,Residential,2008-05-19,299940,38.49254,-121.463316,159.88272921108742
3253 ABOTO WAY,RANCHO CORDOVA,95670,CA,4,3,1851,Residential,2008-05-19,305000,38.57727,-121.285591,164.7757968665586
251 CHANGO CIR,SACRAMENTO,95835,CA,4,2,2218,Residential,2008-05-19,311328,38.68237,-121.539147,140.3642921550947
8205 WEYBURN CT,SACRAMENTO,95828,CA,3,2,1394,Residential,2008-05-19,313138,38.47316,-121.403893,224.63271162123385
8788 LA MARGARITA WAY,SACRAMENTO,95828,CA,3,2,1410,Residential,2008-05-19,316630,38.468185,-121.375694,224.56028368794327
5912 DEEPDALE WAY,ELK GROVE,95758,CA,5,3,3468,Residential,2008-05-19,320000,38.439565,-121.436606,92.2722029988466
4712 PISMO BEACH DR,ANTELOPE,95843,CA,5,3,2346,Residential,2008-05-19,320000,38.707705,-121.354153,136.40238704177324
4741 PACIFIC PARK DR,ANTELOPE,95843,CA,5,3,2347,Residential,2008-05-19,325000,38.709299,-121.353056,138.47464848743076
310 GROTH CIR,SACRAMENTO,95834,CA,4,2,1659,Residential,2008-05-19,328578,38.638764,-121.531827,198.05786618444847
6121 WILD FOX CT,ELK GROVE,95757,CA,3,3,2442,Residential,2008-05-19,331000,38.406758,-121.431669,135.54463554463555
29 COOL FOUNTAIN CT,SACRAMENTO,95833,CA,4,2,2155,Residential,2008-05-19,340000,38.606906,-121.54132,157.77262180974478
8909 BILLFISH WAY,SACRAMENTO,95828,CA,3,2,1810,Residential,2008-05-19,345746,38.475433,-121.372584,191.01988950276242
6232 GUS WAY,ELK GROVE,95757,CA,4,2,2789,Residential,2008-05-19,351000,38.388129,-121.43117,125.85155969881679
200 OAKWILDE ST,GALT,95632,CA,4,2,1606,Residential,2008-05-19,353767,38.2535,-121.31812,220.27833125778332
200 ALLAIRE CIR,SACRAMENTO,95835,CA,4,2,2166,Residential,2008-05-19,356035,38.68318,-121.53484,164.37442289935365
5479 NICKMAN WAY,SACRAMENTO,95835,CA,4,2,1871,Residential,2008-05-19,360552,38.672966,-121.502748,192.70550507749866
2103 BURBERRY WAY,SACRAMENTO,95835,CA,3,2,1800,Residential,2008-05-19,362305,38.67342,-121.508542,201.28055555555557
2450 SAN JOSE WAY,SACRAMENTO,95817,CA,3,1,1683,Residential,2008-05-19,365000,38.553596,-121.459483,216.87462863933453
2802 BLACK OAK DR,ROCKLIN,95765,CA,2,2,1596,Residential,2008-05-19,370000,38.837006,-121.232024,231.8295739348371
10112 LAMBEAU CT,ELK GROVE,95757,CA,3,2,1179,Residential,2008-05-19,378000,38.390328,-121.448022,320.6106870229008
3622 CURTIS DR,SACRAMENTO,95818,CA,3,1,1639,Residential,2008-05-19,388000,38.541735,-121.480098,236.72971323978035
11817 OPAL RIDGE WAY,RANCHO CORDOVA,95742,CA,5,3,3281,Residential,2008-05-19,395100,38.551083,-121.237476,120.42060347455045
170 LAGOMARSINO WAY,SACRAMENTO,95819,CA,3,2,1697,Residential,2008-05-19,400000,38.574894,-121.435806,235.7100766057749
3361 ALDER CANYON WAY,ANTELOPE,95843,CA,4,3,2085,Residential,2008-05-19,408431,38.727649,-121.385656,195.89016786570744
398 LINDLEY DR,SACRAMENTO,95815,CA,4,2,1744,Multi-Family,2008-05-19,416767,38.622359,-121.457582,238.97190366972478
169 BAURER CIR,FOLSOM,95630,CA,4,3,1939,Residential,2008-05-19,423000,38.66695,-121.120729,218.1536874677669
1315 KONDOS AVE,SACRAMENTO,95814,CA,2,3,1788,Residential,2008-05-19,427500,38.571943,-121.492106,239.09395973154363
4966 CHARTER RD,ROCKLIN,95765,CA,3,2,1691,Residential,2008-05-19,430922,38.82553,-121.254698,254.8326434062685
9516 LAGUNA LAKE WAY,ELK GROVE,95758,CA,4,2,2002,Residential,2008-05-19,445000,38.411258,-121.431348,222.2777222777223
5201 BLOSSOM RANCH DR,ELK GROVE,95757,CA,4,4,4303,Residential,2008-05-19,450000,38.399436,-121.444041,104.57820125493842
3027 PALMATE WAY,SACRAMENTO,95834,CA,5,3,4246,Residential,2008-05-19,452000,38.628955,-121.529269,106.4531323598681
1171 SONOMA AVE,SACRAMENTO,95815,CA,2,1,1011,Residential,2008-05-16,85000,38.6238,-121.439872,84.0751730959446
4250 ARDWELL WAY,SACRAMENTO,95823,CA,3,2,1089,Residential,2008-05-16,95625,38.466938,-121.455631,87.8099173553719
3104 CLAY ST,SACRAMENTO,95815,CA,2,1,832,Residential,2008-05-16,96140,38.62391,-121.439208,115.55288461538461
6063 LAND PARK DR,SACRAMENTO,95822,CA,2,1,800,Condo,2008-05-16,104250,38.517029,-121.513809,130.3125
4738 OAKHOLLOW DR,SACRAMENTO,95842,CA,4,2,1292,Residential,2008-05-16,105000,38.679598,-121.356035,81.26934984520123
1401 STERLING ST,SACRAMENTO,95822,CA,2,1,810,Residential,2008-05-16,108000,38.520319,-121.504727,133.33333333333334
3715 DIDCOT CIR,SACRAMENTO,95838,CA,4,2,1064,Residential,2008-05-16,109000,38.635232,-121.460098,102.44360902255639
2426 RASHAWN DR,RANCHO CORDOVA,95670,CA,2,1,911,Residential,2008-05-16,115000,38.610852,-121.273278,126.23490669593853
4800 WESTLAKE PKWY Unit 410,SACRAMENTO,95835,CA,1,1,846,Condo,2008-05-16,115000,38.658812,-121.542345,135.9338061465721
3409 VIRGO ST,SACRAMENTO,95827,CA,3,2,1320,Residential,2008-05-16,115500,38.563402,-121.327747,87.5
1110 PINEDALE AVE,SACRAMENTO,95838,CA,3,2,1410,Residential,2008-05-16,115620,38.660173,-121.440216,82.0
2361 LA LOMA DR,RANCHO CORDOVA,95670,CA,3,2,1115,Residential,2008-05-16,116000,38.59368,-121.316054,104.03587443946188
1455 64TH AVE,SACRAMENTO,95822,CA,3,2,1169,Residential,2008-05-16,122000,38.492177,-121.503392,104.36270316509838
7328 SPRINGMAN ST,SACRAMENTO,95822,CA,3,2,1164,Residential,2008-05-16,122500,38.491991,-121.477636,105.2405498281787
119 SAINT MARIE CIR,SACRAMENTO,95823,CA,4,2,1341,Residential,2008-05-16,123000,38.481454,-121.446644,91.72259507829978
12 COSTA BRASE CT,SACRAMENTO,95838,CA,3,2,1219,Residential,2008-05-16,124000,38.655554,-121.464275,101.72272354388843
6813 SCOTER WAY,SACRAMENTO,95842,CA,4,2,1127,Residential,2008-05-16,124000,38.69043,-121.361035,110.02661934338953
6548 GRAYLOCK LN,NORTH HIGHLANDS,95660,CA,3,2,1272,Residential,2008-05-16,124413,38.686061,-121.369949,97.80896226415095
1630 GLIDDEN AVE,SACRAMENTO,95822,CA,4,2,1253,Residential,2008-05-16,125000,38.482717,-121.499683,99.76057462090982
7825 DALEWOODS WAY,SACRAMENTO,95828,CA,3,2,1120,Residential,2008-05-16,130000,38.477297,-121.411513,116.07142857142857
4073 TRESLER AVE,NORTH HIGHLANDS,95660,CA,2,2,1118,Residential,2008-05-16,131750,38.659016,-121.370457,117.84436493738819
4288 DYMIC WAY,SACRAMENTO,95838,CA,4,3,1890,Residential,2008-05-16,137721,38.646541,-121.441139,72.86825396825397
1158 SAN IGNACIO WAY,SACRAMENTO,95833,CA,3,2,1260,Residential,2008-05-16,137760,38.623045,-121.486279,109.33333333333333
4904 J PKWY,SACRAMENTO,95823,CA,3,2,1400,Residential,2008-05-16,138000,38.487297,-121.44295,98.57142857142857
2931 HOWE AVE,SACRAMENTO,95821,CA,3,1,1264,Residential,2008-05-16,140000,38.619012,-121.415329,110.75949367088607
5531 JANSEN DR,SACRAMENTO,95824,CA,3,1,1060,Residential,2008-05-16,145000,38.522015,-121.438713,136.79245283018867
7836 ORCHARD WOODS CIR,SACRAMENTO,95828,CA,2,2,1132,Residential,2008-05-16,145000,38.47955,-121.410867,128.09187279151942
4055 DEERBROOK DR,SACRAMENTO,95823,CA,3,2,1466,Residential,2008-05-16,150000,38.472117,-121.459589,102.31923601637108
9937 BURLINE ST,SACRAMENTO,95827,CA,3,2,1092,Residential,2008-05-16,150000,38.559641,-121.32316,137.36263736263737
6948 MIRADOR WAY,SACRAMENTO,95828,CA,4,2,1628,Residential,2008-05-16,151000,38.493484,-121.42035,92.75184275184276
4909 RUGER CT,SACRAMENTO,95842,CA,3,2,960,Residential,2008-05-16,155000,38.68747,-121.349234,161.45833333333334
7204 KERSTEN ST,CITRUS HEIGHTS,95621,CA,3,2,1075,Residential,2008-05-16,155800,38.695863,-121.300814,144.93023255813952
3150 ROSEMONT DR,SACRAMENTO,95826,CA,3,2,1428,Residential,2008-05-16,156142,38.554927,-121.35521,109.34313725490196
8200 STEINBECK WAY,SACRAMENTO,95828,CA,4,2,1358,Residential,2008-05-16,158000,38.474854,-121.404726,116.34756995581738
8198 STEVENSON AVE,SACRAMENTO,95828,CA,6,4,2475,Multi-Family,2008-05-16,159900,38.465271,-121.40426,64.60606060606061
6824 OLIVE TREE WAY,CITRUS HEIGHTS,95610,CA,3,2,1410,Residential,2008-05-16,160000,38.689239,-121.267737,113.47517730496453
3536 SUN MAIDEN WAY,ANTELOPE,95843,CA,3,2,1711,Residential,2008-05-16,161500,38.70968,-121.382328,94.38924605493864
4517 OLYMPIAD WAY,SACRAMENTO,95826,CA,4,2,1483,Residential,2008-05-16,161600,38.536751,-121.359154,108.96830748482805
925 COBDEN CT,GALT,95632,CA,3,2,1140,Residential,2008-05-16,162000,38.282047,-121.295812,142.10526315789474
8225 SCOTTSDALE DR,SACRAMENTO,95828,CA,4,2,1549,Residential,2008-05-16,165000,38.487864,-121.402476,106.52033570045191
8758 LEMAS RD,SACRAMENTO,95828,CA,3,2,1410,Residential,2008-05-16,165000,38.467487,-121.377055,117.02127659574468
6121 ALPINESPRING WAY,ELK GROVE,95758,CA,3,2,1240,Residential,2008-05-16,167293,38.434075,-121.432623,134.91370967741935
5937 YORK GLEN WAY,SACRAMENTO,95842,CA,5,2,1712,Residential,2008-05-16,168000,38.677003,-121.354454,98.13084112149532
6417 SUNNYFIELD WAY,SACRAMENTO,95823,CA,4,2,1580,Residential,2008-05-16,168000,38.449153,-121.428272,106.32911392405063
4008 GREY LIVERY WAY,ANTELOPE,95843,CA,3,2,1669,Residential,2008-05-16,168750,38.71846,-121.370862,101.10844817255841
8920 ROSETTA CIR,SACRAMENTO,95826,CA,3,1,1029,Residential,2008-05-16,168750,38.544374,-121.370874,163.9941690962099
8300 LICHEN DR,CITRUS HEIGHTS,95621,CA,3,1,1103,Residential,2008-05-16,170000,38.71641,-121.306239,154.1251133272892
8884 AMBERJACK WAY,SACRAMENTO,95828,CA,3,2,2161,Residential,2008-05-16,170250,38.479343,-121.372553,78.78297084683017
4480 VALLEY HI DR,SACRAMENTO,95823,CA,3,2,1650,Residential,2008-05-16,173000,38.466781,-121.450955,104.84848484848484
2250 FOREBAY RD,POLLOCK PINES,95726,CA,3,1,1320,Residential,2008-05-16,175000,38.77491,-120.597599,132.57575757575756
3529 FABERGE WAY,SACRAMENTO,95826,CA,3,2,1200,Residential,2008-05-16,176095,38.553275,-121.346218,146.74583333333334
1792 DAWNELLE WAY,SACRAMENTO,95835,CA,3,2,1170,Residential,2008-05-16,176250,38.68271,-121.501697,150.64102564102564
7800 TABARE CT,CITRUS HEIGHTS,95621,CA,3,2,1199,Residential,2008-05-16,178000,38.70799,-121.302979,148.45704753961635
8531 HERMITAGE WAY,SACRAMENTO,95823,CA,4,2,1695,Residential,2008-05-16,179000,38.448452,-121.428536,105.6047197640118
2421 BERRYWOOD DR,RANCHO CORDOVA,95670,CA,3,2,1157,Residential,2008-05-16,180000,38.60868,-121.27849,155.57476231633535
1005 MORENO WAY,SACRAMENTO,95838,CA,3,2,1410,Residential,2008-05-16,180000,38.646206,-121.442767,127.65957446808511
1675 VERNON ST Unit 24,ROSEVILLE,95678,CA,3,2,1174,Residential,2008-05-16,180000,38.734136,-121.299639,153.32197614991483
24 WINDCHIME CT,SACRAMENTO,95823,CA,3,2,1593,Residential,2008-05-16,181000,38.44617,-121.427824,113.62209667294412
540 HARLING CT,RIO LINDA,95673,CA,3,2,1093,Residential,2008-05-16,182000,38.68279,-121.453509,166.51418115279048
1207 CRESCENDO DR,ROSEVILLE,95678,CA,3,2,1770,Residential,2008-05-16,182587,38.72446,-121.292829,103.15649717514124
7577 EDDYLEE WAY,SACRAMENTO,95822,CA,4,2,1436,Residential,2008-05-16,185074,38.48291,-121.491509,128.8816155988858
8369 FOPPIANO WAY,SACRAMENTO,95829,CA,3,2,1124,Residential,2008-05-16,185833,38.453839,-121.357919,165.33185053380782
8817 SAWTELLE WAY,SACRAMENTO,95826,CA,4,2,1139,Residential,2008-05-16,186785,38.565322,-121.374251,163.99034240561897
1910 BONAVISTA WAY,SACRAMENTO,95832,CA,3,2,1638,Residential,2008-05-16,187000,38.476048,-121.494961,114.16361416361417
8 TIDE CT,SACRAMENTO,95833,CA,3,2,1328,Residential,2008-05-16,188335,38.609864,-121.492304,141.81852409638554
8952 ROCKY CREEK CT,ELK GROVE,95758,CA,3,2,1273,Residential,2008-05-16,190000,38.431239,-121.44001,149.2537313432836
435 EXCHANGE ST,SACRAMENTO,95838,CA,3,1,1082,Residential,2008-05-16,190000,38.659434,-121.455236,175.6007393715342
10105 MONTE VALLO CT,SACRAMENTO,95827,CA,4,2,1578,Residential,2008-05-16,190000,38.573917,-121.316916,120.40557667934094
3930 ANNABELLE AVE,ROSEVILLE,95661,CA,2,1,796,Residential,2008-05-16,190000,38.727609,-121.226494,238.69346733668343
4854 TANGERINE AVE,SACRAMENTO,95823,CA,3,2,1386,Residential,2008-05-16,191250,38.478239,-121.446326,137.98701298701297
2909 SHAWN WAY,RANCHO CORDOVA,95670,CA,3,2,1452,Residential,2008-05-16,193000,38.589925,-121.299059,132.92011019283746
4290 BLACKFORD WAY,SACRAMENTO,95823,CA,3,2,1513,Residential,2008-05-16,193500,38.470494,-121.454162,127.8916060806345
7015 WOODSIDE DR,SACRAMENTO,95842,CA,4,2,1578,Residential,2008-05-16,195000,38.693071,-121.332365,123.57414448669202
6019 CHESHIRE WAY,CITRUS HEIGHTS,95610,CA,4,3,1736,Residential,2008-05-16,195000,38.676437,-121.279165,112.32718894009217
2561 VERNA WAY,SACRAMENTO,95821,CA,3,1,1473,Residential,2008-05-16,195000,38.611055,-121.369964,132.38289205702648
3522 22ND AVE,SACRAMENTO,95820,CA,3,1,1150,Residential,2008-05-16,198000,38.532725,-121.469078,172.17391304347825
2880 CANDIDO DR,SACRAMENTO,95833,CA,3,2,1127,Residential,2008-05-16,199900,38.618019,-121.510215,177.37355811889972
6908 PIN OAK CT,FAIR OAKS,95628,CA,3,1,1144,Residential,2008-05-16,200000,38.66424,-121.303675,174.82517482517483
5733 ANGELINA AVE,CARMICHAEL,95608,CA,3,1,972,Residential,2008-05-16,201000,38.622634,-121.330846,206.79012345679013
7849 BONNY DOWNS WAY,ELK GROVE,95758,CA,4,2,2306,Residential,2008-05-16,204918,38.42139,-121.411339,88.86296617519514
8716 LONGSPUR WAY,ANTELOPE,95843,CA,3,2,1479,Residential,2008-05-16,205000,38.724083,-121.3584,138.60716700473293
6320 EL DORADO ST,EL DORADO,95623,CA,2,1,1040,Residential,2008-05-16,205000,38.678758,-120.844118,197.1153846153846
2328 DOROTHY JUNE WAY,SACRAMENTO,95838,CA,3,2,1430,Residential,2008-05-16,205878,38.641727,-121.412703,143.97062937062938
1986 DANVERS WAY,SACRAMENTO,95832,CA,4,2,1800,Residential,2008-05-16,207000,38.47723,-121.492568,115.0
7901 GAZELLE TRAIL WAY,ANTELOPE,95843,CA,4,2,1953,Residential,2008-05-16,207744,38.71174,-121.342675,106.37173579109063
6080 BRIDGECROSS DR,SACRAMENTO,95835,CA,3,2,1120,Residential,2008-05-16,209000,38.681952,-121.505009,186.60714285714286
20 GROTH CIR,SACRAMENTO,95834,CA,3,2,1232,Residential,2008-05-16,210000,38.640807,-121.533522,170.45454545454547
8442 KEUSMAN ST,ELK GROVE,95758,CA,4,2,2329,Residential,2008-05-16,213750,38.449651,-121.414704,91.77758694718763
9552 SUNLIGHT LN,ELK GROVE,95758,CA,3,2,1351,Residential,2008-05-16,215000,38.410561,-121.404327,159.14137675795706
1407 TIFFANY CIR,ROSEVILLE,95661,CA,4,1,1376,Residential,2008-05-16,215000,38.736392,-121.2664,156.25
636 CRESTVIEW DR,DIAMOND SPRINGS,95619,CA,3,2,1300,Residential,2008-05-16,216033,38.688255,-120.810235,166.17923076923077
1528 HESKET WAY,SACRAMENTO,95825,CA,4,2,1566,Residential,2008-05-16,220000,38.593598,-121.403637,140.485312899106
2327 32ND ST,SACRAMENTO,95817,CA,2,1,1115,Residential,2008-05-16,220000,38.557433,-121.47034,197.30941704035874
1833 2ND AVE,SACRAMENTO,95818,CA,2,1,1032,Residential,2008-05-16,220000,38.556818,-121.490669,213.1782945736434
7252 CARRIAGE DR,CITRUS HEIGHTS,95621,CA,4,2,1419,Residential,2008-05-16,220000,38.698058,-121.294893,155.03875968992247
9815 PASO FINO WAY,ELK GROVE,95757,CA,3,2,1261,Residential,2008-05-16,220000,38.404888,-121.443998,174.46471054718478
5532 ENGLE RD,CARMICHAEL,95608,CA,2,2,1637,Residential,2008-05-16,220702,38.63173,-121.335286,134.82101405009163
1139 CLINTON RD,SACRAMENTO,95825,CA,4,2,1776,Multi-Family,2008-05-16,221250,38.585291,-121.406824,124.57770270270271
9176 SAGE GLEN WAY,ELK GROVE,95758,CA,3,2,1338,Residential,2008-05-16,222000,38.423913,-121.439115,165.91928251121075
9264 BOULDER RIVER WAY,ELK GROVE,95624,CA,5,2,2254,Residential,2008-05-16,222750,38.421713,-121.345191,98.82431233362911
320 GROTH CIR,SACRAMENTO,95834,CA,3,2,1441,Residential,2008-05-16,225000,38.638882,-121.531883,156.1415683553088
137 GUNNISON AVE,SACRAMENTO,95838,CA,4,2,1991,Residential,2008-05-16,225000,38.650729,-121.466483,113.00853842290306
8209 RIVALLO WAY,SACRAMENTO,95829,CA,4,3,2126,Residential,2008-05-16,228750,38.459524,-121.3501,107.59642521166509
8637 PERIWINKLE CIR,ELK GROVE,95624,CA,3,2,1094,Residential,2008-05-16,229000,38.443184,-121.364388,209.3235831809872
3425 MEADOW WAY,ROCKLIN,95677,CA,3,2,1462,Residential,2008-05-16,230095,38.798028,-121.235364,157.38372093023256
107 JARVIS CIR,SACRAMENTO,95834,CA,5,3,2258,Residential,2008-05-16,232500,38.639891,-121.537603,102.96722763507529
2319 THORES ST,RANCHO CORDOVA,95670,CA,3,2,1074,Residential,2008-05-16,233000,38.59675,-121.312716,216.9459962756052
8935 MOUNTAIN HOME CT,ELK GROVE,95624,CA,4,2,2111,Residential,2008-05-16,233500,38.38751,-121.370276,110.61108479393653
2566 SERENATA WAY,SACRAMENTO,95835,CA,3,2,1686,Residential,2008-05-16,239000,38.671556,-121.520916,141.7556346381969
4085 COUNTRY DR,ANTELOPE,95843,CA,4,3,1915,Residential,2008-05-16,240000,38.706209,-121.369509,125.32637075718016
9297 TROUT WAY,ELK GROVE,95624,CA,4,2,2367,Residential,2008-05-16,240000,38.420637,-121.375798,101.39416983523448
7 ARCHIBALD CT,SACRAMENTO,95823,CA,3,2,1962,Residential,2008-05-16,240971,38.443305,-121.435296,122.8190621814475
11130 EEL RIVER CT,RANCHO CORDOVA,95670,CA,2,2,1406,Residential,2008-05-16,242000,38.625932,-121.271517,172.1194879089616
8323 REDBANK WAY,SACRAMENTO,95829,CA,3,2,1789,Residential,2008-05-16,243450,38.455753,-121.349273,136.08160983789827
16 BRONCO CREEK CT,SACRAMENTO,95835,CA,4,2,1876,Residential,2008-05-16,243500,38.674226,-121.525497,129.79744136460553
8316 NORTHAM DR,ANTELOPE,95843,CA,3,2,1235,Residential,2008-05-16,246544,38.720767,-121.376678,199.63076923076923
4240 WINJE DR,ANTELOPE,95843,CA,4,2,2504,Residential,2008-05-16,246750,38.70884,-121.359559,98.5423322683706
5118 ROBANDER ST,CARMICHAEL,95608,CA,3,2,1676,Residential,2008-05-16,247000,38.657267,-121.310352,147.37470167064438
5976 KYLENCH CT,CITRUS HEIGHTS,95621,CA,3,2,1367,Residential,2008-05-16,249000,38.708966,-121.32467,182.15069495245064
9247 DELAIR WAY,ELK GROVE,95758,CA,4,3,1899,Residential,2008-05-16,249000,38.422241,-121.458022,131.1216429699842
9054 DESCENDANT DR,ELK GROVE,95758,CA,3,2,1636,Residential,2008-05-16,250000,38.428852,-121.415628,152.8117359413203
3450 WHITNOR CT,SACRAMENTO,95821,CA,3,2,1828,Residential,2008-05-16,250000,38.627698,-121.369698,136.76148796498907
9355 MATADOR WAY,SACRAMENTO,95826,CA,4,2,1438,Residential,2008-05-16,252000,38.555633,-121.350691,175.24339360222532
8671 SUMMER SUN WAY,ELK GROVE,95624,CA,3,2,1451,Residential,2008-05-16,255000,38.442845,-121.373272,175.7408683666437
1890 GENEVA PL,SACRAMENTO,95825,CA,3,1,1520,Residential,2008-05-16,255000,38.599449,-121.400305,167.76315789473685
1813 AVENIDA MARTINA,ROSEVILLE,95747,CA,3,2,1506,Residential,2008-05-16,255000,38.776649,-121.339589,169.32270916334662
191 BARNHART CIR,SACRAMENTO,95835,CA,4,2,2605,Residential,2008-05-16,257200,38.675594,-121.515878,98.73320537428023
6221 GREEN TOP WAY,ORANGEVALE,95662,CA,3,2,1196,Residential,2008-05-16,260000,38.679409,-121.219107,217.3913043478261
2298 PRIMROSE LN,LINCOLN,95648,CA,3,2,1621,Residential,2008-05-16,260000,38.89918,-121.322514,160.39481801357186
5635 LOS PUEBLOS WAY,SACRAMENTO,95835,CA,3,2,1811,Residential,2008-05-16,263500,38.679191,-121.537622,145.4997239094423
10165 LOFTON WAY,ELK GROVE,95757,CA,3,2,1540,Residential,2008-05-16,266510,38.387708,-121.436522,173.05844155844156
9949 NESTLING CIR,ELK GROVE,95757,CA,3,2,1543,Residential,2008-05-16,275000,38.397455,-121.468391,178.2242384964355
2915 HOLDREGE WAY,SACRAMENTO,95835,CA,5,3,2494,Residential,2008-05-16,276000,38.663728,-121.525833,110.66559743384121
2678 BRIARTON DR,LINCOLN,95648,CA,3,2,1650,Residential,2008-05-16,276500,38.844116,-121.274806,167.57575757575756
294 SPARROW DR,GALT,95632,CA,4,3,2214,Residential,2008-05-16,278000,38.258976,-121.321266,125.56458897922313
2987 DIORITE WAY,SACRAMENTO,95835,CA,5,3,2280,Residential,2008-05-16,279000,38.667332,-121.528276,122.36842105263158
6326 APPIAN WAY,CARMICHAEL,95608,CA,3,2,1443,Residential,2008-05-16,280000,38.66266,-121.316858,194.04019404019405
6905 COBALT WAY,CITRUS HEIGHTS,95621,CA,4,2,1582,Residential,2008-05-16,280000,38.691393,-121.305215,176.99115044247787
8986 HAFLINGER WAY,ELK GROVE,95757,CA,3,2,1857,Residential,2008-05-16,285000,38.397923,-121.450219,153.47334410339258
2916 BABSON DR,ELK GROVE,95758,CA,3,2,1735,Residential,2008-05-16,288000,38.417191,-121.473897,165.9942363112392
10133 NEBBIOLO CT,ELK GROVE,95624,CA,4,3,2096,Residential,2008-05-16,289000,38.391085,-121.347231,137.88167938931298
1103 COMMONS DR,SACRAMENTO,95825,CA,3,2,1720,Residential,2008-05-16,290000,38.567865,-121.410699,168.6046511627907
4636 TEAL BAY CT,ANTELOPE,95843,CA,4,2,2160,Residential,2008-05-16,290000,38.704554,-121.354753,134.25925925925927
1524 YOUNGS AVE,SACRAMENTO,95838,CA,4,2,1382,Residential,2008-05-16,293996,38.644927,-121.43054,212.73227206946456
8463 TERRACOTTA CT,ELK GROVE,95624,CA,4,2,1721,Residential,2008-05-16,294173,38.450548,-121.363002,170.931435212086
5747 KING RD,LOOMIS,95650,CA,4,2,1328,Residential,2008-05-16,295000,38.825096,-121.198432,222.13855421686748
9204 TROUT WAY,ELK GROVE,95624,CA,4,2,1982,Residential,2008-05-16,298000,38.422221,-121.375799,150.3531786074672
1828 2ND AVE,SACRAMENTO,95818,CA,2,1,1144,Residential,2008-05-16,299000,38.556844,-121.490769,261.3636363636364
1113 COMMONS DR,SACRAMENTO,95825,CA,2,2,1623,Residential,2008-05-16,300000,38.567795,-121.410703,184.84288354898337
2341 BIG STRIKE TRL,COOL,95614,CA,3,2,1457,Residential,2008-05-16,300000,38.905927,-120.975169,205.9025394646534
9452 RED SPRUCE WAY,ELK GROVE,95624,CA,6,3,2555,Residential,2008-05-16,300000,38.404505,-121.346938,117.41682974559687
5776 TERRACE DR,ROCKLIN,95765,CA,3,2,1577,Residential,2008-05-16,300567,38.800539,-121.260979,190.59416613823717
5908 MCLEAN DR,ELK GROVE,95757,CA,5,3,2592,Residential,2008-05-16,303000,38.38912,-121.434389,116.89814814814815
8215 PEREGRINE WAY,CITRUS HEIGHTS,95610,CA,3,2,1401,Residential,2008-05-16,305000,38.715493,-121.26293,217.70164168451106
2949 PANAMA AVE,CARMICHAEL,95608,CA,3,2,1502,Residential,2008-05-16,310000,38.618369,-121.326187,206.39147802929426
1356 HARTLEY WAY,FOLSOM,95630,CA,3,2,1327,Residential,2008-05-16,310000,38.651617,-121.131674,233.60964581763375
633 HANISCH DR,ROSEVILLE,95678,CA,4,3,1800,Residential,2008-05-16,310000,38.76349,-121.275881,172.22222222222223
63 ANGEL ISLAND CIR,SACRAMENTO,95831,CA,4,2,2169,Residential,2008-05-16,311518,38.490408,-121.547664,143.62286768095896
1571 WILD OAK LN,LINCOLN,95648,CA,5,3,2457,Residential,2008-05-16,312000,38.844144,-121.274174,126.98412698412699
5601 SPINDRIFT LN,ORANGEVALE,95662,CA,4,2,2004,Residential,2008-05-16,315000,38.668289,-121.192316,157.18562874251498
652 FIFTEEN MILE DR,ROSEVILLE,95678,CA,4,3,2212,Residential,2008-05-16,315000,38.775872,-121.298864,142.40506329113924
7921 DOE TRAIL WAY,ANTELOPE,95843,CA,5,3,3134,Residential,2008-05-16,315000,38.711927,-121.343608,100.51052967453734
4204 LUSK DR,SACRAMENTO,95864,CA,3,2,1360,Residential,2008-05-16,315000,38.606569,-121.368424,231.61764705882354
5608 ROSEDALE WAY,SACRAMENTO,95822,CA,3,2,1276,Residential,2008-05-16,320000,38.525115,-121.518689,250.78369905956112
3372 BERETANIA WAY,SACRAMENTO,95834,CA,4,3,2962,Residential,2008-05-16,322000,38.64977,-121.53448,108.7103308575287
2422 STEFANIE DR,ROCKLIN,95765,CA,4,2,1888,Residential,2008-05-16,325000,38.82273,-121.26424,172.13983050847457
1214 DAWNWOOD DR,GALT,95632,CA,3,2,1548,Residential,2008-05-16,328370,38.290119,-121.286023,212.12532299741602
3349 CORVINA DR,RANCHO CORDOVA,95670,CA,4,3,2109,Residential,2008-05-16,330000,38.580545,-121.279016,156.47226173541964
10254 JULIANA WAY,SACRAMENTO,95827,CA,4,2,2484,Residential,2008-05-16,331200,38.56803,-121.309966,133.33333333333334
149 OPUS CIR,SACRAMENTO,95834,CA,4,3,2258,Residential,2008-05-16,332000,38.6354,-121.53499,147.0327723649247
580 REGENCY PARK CIR,SACRAMENTO,95835,CA,3,3,2212,Residential,2008-05-16,334000,38.674864,-121.4958,150.99457504520797
5544 CAMAS CT,ORANGEVALE,95662,CA,3,2,1616,Residential,2008-05-16,335000,38.667703,-121.209456,207.3019801980198
5102 ARCHCREST WAY,SACRAMENTO,95835,CA,4,2,2372,Residential,2008-05-16,341000,38.66841,-121.494639,143.76053962900505
5725 BALFOR RD,ROCKLIN,95765,CA,5,3,2606,Residential,2008-05-16,346375,38.807816,-121.270008,132.91442824251726
4821 HUTSON WAY,ELK GROVE,95757,CA,5,3,2877,Residential,2008-05-16,349000,38.386239,-121.448159,121.30691692735488
4509 WINJE DR,ANTELOPE,95843,CA,3,2,2960,Residential,2008-05-16,350000,38.709513,-121.359357,118.24324324324324
6709 ROSE BRIDGE DR,ROSEVILLE,95678,CA,3,2,2172,Residential,2008-05-16,350000,38.792461,-121.275711,161.14180478821362
281 SPYGLASS HL,ROSEVILLE,95678,CA,3,2,2100,Condo,2008-05-16,350000,38.762153,-121.283451,166.66666666666666
7709 RIVER VILLAGE DR,SACRAMENTO,95831,CA,3,2,1795,Residential,2008-05-16,351000,38.483212,-121.54019,195.5431754874652
506 BEDFORD CT,ROSEVILLE,95661,CA,4,2,2295,Residential,2008-05-16,360000,38.733985,-121.236766,156.86274509803923
9048 PINTO CANYON WAY,ROSEVILLE,95747,CA,4,3,2577,Residential,2008-05-16,367463,38.792493,-121.331899,142.593325572371
14004 WALNUT AVE,WALNUT GROVE,95690,CA,3,1,1727,Residential,2008-05-16,380000,38.247659,-121.515129,220.03474232773596
6905 FRANKFORT CT,ELK GROVE,95758,CA,3,2,1485,Residential,2008-05-16,380578,38.429139,-121.423444,256.2814814814815
3621 WINTUN DR,CARMICHAEL,95608,CA,3,2,1655,Residential,2008-05-16,386222,38.629929,-121.323086,233.3667673716012
1975 SIDESADDLE WAY,ROSEVILLE,95661,CA,3,2,2049,Residential,2008-05-16,395500,38.737872,-121.249025,193.0209858467545
9677 PILLITERI CT,ELK GROVE,95757,CA,5,3,2875,Residential,2008-05-16,397000,38.405571,-121.445186,138.08695652173913
556 PLATT CIR,EL DORADO HILLS,95762,CA,4,2,2199,Residential,2008-05-16,400000,38.656299,-121.079783,181.90086402910413
1124 PERKINS WAY,SACRAMENTO,95818,CA,2,1,1304,Residential,2008-05-16,413500,38.551611,-121.504437,317.10122699386505
4748 SALEM WAY,CARMICHAEL,95608,CA,3,2,2334,Residential,2008-05-16,415000,38.634111,-121.353376,177.8063410454156
1484 RADCLIFFE WAY,AUBURN,95603,CA,4,3,2278,Residential,2008-05-16,420454,38.935579,-121.079018,184.57155399473223
51 AIKEN WAY,SACRAMENTO,95819,CA,3,1,1493,Residential,2008-05-16,425000,38.579326,-121.44252,284.6617548559946
700 HUNTER PL,FOLSOM,95630,CA,5,3,2787,Residential,2008-05-16,441000,38.66051,-121.163689,158.2346609257266
1240 FAY CIR,SACRAMENTO,95831,CA,5,3,2824,Residential,2008-05-16,445000,38.506371,-121.514456,157.57790368271955
1113 SANDWICK WAY,FOLSOM,95630,CA,4,3,3261,Residential,2008-05-16,446000,38.673882,-121.105077,136.7678626188286
3108 DELWOOD WAY,SACRAMENTO,95821,CA,4,2,2053,Residential,2008-05-16,450000,38.621566,-121.370882,219.19142717973696
601 REGGINALD WAY,SACRAMENTO,95838,CA,3,2,1092,Residential,2008-05-15,85500,38.64472,-121.452228,78.2967032967033
550 DEL VERDE CIR,SACRAMENTO,95833,CA,2,1,956,Condo,2008-05-15,92000,38.627147,-121.500799,96.23430962343096
4113 DAYSTAR CT,SACRAMENTO,95824,CA,2,2,1139,Residential,2008-05-15,93600,38.520469,-121.458606,82.17734855136084
7374 TISDALE WAY,SACRAMENTO,95822,CA,3,1,1058,Residential,2008-05-15,95000,38.488238,-121.472561,89.79206049149339
3348 RIO LINDA BLVD,SACRAMENTO,95838,CA,3,2,1040,Residential,2008-05-15,97750,38.628842,-121.446127,93.99038461538461
3935 LIMESTONE WAY,SACRAMENTO,95823,CA,3,2,1354,Residential,2008-05-15,104000,38.484374,-121.463157,76.80945347119645
6208 GRATTAN WAY,NORTH HIGHLANDS,95660,CA,3,1,1051,Residential,2008-05-15,105000,38.679279,-121.376615,99.90485252140819
739 E WOODSIDE LN Unit E,SACRAMENTO,95825,CA,1,1,682,Condo,2008-05-15,107666,38.578675,-121.409951,157.86803519061584
4225 46TH AVE,SACRAMENTO,95824,CA,3,1,1161,Residential,2008-05-15,109000,38.511893,-121.457676,93.88458225667527
1434 BELL AVE,SACRAMENTO,95838,CA,3,1,1004,Residential,2008-05-15,110000,38.647398,-121.432914,109.56175298804781
5628 GEORGIA DR,NORTH HIGHLANDS,95660,CA,3,1,1229,Residential,2008-05-15,110000,38.669587,-121.379879,89.50366151342556
7629 BETH ST,SACRAMENTO,95832,CA,3,2,1249,Residential,2008-05-15,112500,38.480126,-121.487869,90.07205764611689
2277 BABETTE WAY,SACRAMENTO,95832,CA,3,2,1161,Residential,2008-05-15,114800,38.479593,-121.48434,98.88027562446167
6561 WEATHERFORD WAY,SACRAMENTO,95823,CA,3,1,1010,Residential,2008-05-15,116000,38.465551,-121.42661,114.85148514851485
5136 CABOT CIR,SACRAMENTO,95820,CA,4,2,1462,Residential,2008-05-15,121500,38.528479,-121.411806,83.10533515731875
7730 ROBINETTE RD,SACRAMENTO,95828,CA,3,2,1269,Residential,2008-05-15,122000,38.47709,-121.410569,96.13869188337273
87 LACAM CIR,SACRAMENTO,95820,CA,2,2,1188,Residential,2008-05-15,123675,38.532359,-121.41167,104.10353535353535
1691 NOGALES ST,SACRAMENTO,95838,CA,4,2,1570,Residential,2008-05-15,126854,38.631925,-121.427775,80.79872611464968
3118 42ND ST,SACRAMENTO,95817,CA,3,2,1093,Residential,2008-05-15,127059,38.546091,-121.457745,116.24794144556267
7517 50TH AVE,SACRAMENTO,95828,CA,3,1,962,Residential,2008-05-15,128687,38.507339,-121.416267,133.77027027027026
4071 EVALITA WAY,SACRAMENTO,95823,CA,3,2,1089,Residential,2008-05-15,129500,38.466388,-121.458861,118.91643709825529
7928 36TH AVE,SACRAMENTO,95824,CA,3,2,1127,Residential,2008-05-15,130000,38.52049,-121.411383,115.35048802129548
6631 DEMARET DR,SACRAMENTO,95822,CA,4,2,1309,Residential,2008-05-15,131750,38.506382,-121.483574,100.64935064935065
7043 9TH AVE,RIO LINDA,95673,CA,2,1,970,Residential,2008-05-15,132000,38.695589,-121.444133,136.08247422680412
97 KENNELFORD CIR,SACRAMENTO,95823,CA,3,2,1144,Residential,2008-05-15,134000,38.462376,-121.426556,117.13286713286713
2636 TRONERO WAY,RANCHO CORDOVA,95670,CA,3,1,1000,Residential,2008-05-15,134000,38.593049,-121.30304,134.0
3604 KODIAK WAY,ANTELOPE,95843,CA,3,2,1206,Residential,2008-05-15,142000,38.706175,-121.379776,117.74461028192371
2149 COTTAGE WAY,SACRAMENTO,95825,CA,3,1,1285,Residential,2008-05-15,143012,38.603593,-121.417011,111.29338521400778
8632 PRAIRIEWOODS DR,SACRAMENTO,95828,CA,3,2,1543,Residential,2008-05-15,145846,38.477563,-121.384382,94.52106286454958
612 STONE BLVD,WEST SACRAMENTO,95691,CA,2,1,884,Residential,2008-05-15,147000,38.563084,-121.535579,166.289592760181
4180 12TH AVE,SACRAMENTO,95817,CA,3,1,1019,Residential,2008-05-15,148750,38.54117,-121.458129,145.97644749754662
8025 ARROYO VISTA DR,SACRAMENTO,95823,CA,4,2,1392,Residential,2008-05-15,150000,38.46654,-121.419029,107.75862068965517
5754 WALERGA RD Unit 4,SACRAMENTO,95842,CA,2,1,924,Condo,2008-05-15,150454,38.672567,-121.356754,162.82900432900433
8 LA ROCAS CT,SACRAMENTO,95823,CA,3,2,1217,Residential,2008-05-15,151087,38.46616,-121.448283,124.14708299096138
8636 LONGSPUR WAY,ANTELOPE,95843,CA,3,2,1670,Residential,2008-05-15,157296,38.725873,-121.35856,94.18922155688622
1941 EXPEDITION WAY,SACRAMENTO,95832,CA,3,2,1302,Residential,2008-05-15,157500,38.473775,-121.493777,120.96774193548387
4351 TURNBRIDGE DR,SACRAMENTO,95823,CA,3,2,1488,Residential,2008-05-15,160000,38.502034,-121.456027,107.52688172043011
6513 HOLIDAY WAY,NORTH HIGHLANDS,95660,CA,3,2,1373,Residential,2008-05-15,160000,38.685361,-121.376938,116.53313911143482
8321 MISTLETOE WAY,CITRUS HEIGHTS,95621,CA,4,2,1381,Residential,2008-05-15,161250,38.717738,-121.308322,116.7632150615496
5920 VALLEY GLEN WAY,SACRAMENTO,95823,CA,3,2,1265,Residential,2008-05-15,164000,38.462821,-121.433135,129.64426877470356
2601 SAN FERNANDO WAY,SACRAMENTO,95818,CA,2,1,881,Residential,2008-05-15,165000,38.556178,-121.476256,187.2871736662883
8008 SAINT HELENA CT,SACRAMENTO,95829,CA,4,2,1608,Residential,2008-05-15,165750,38.467012,-121.359969,103.07835820895522
6517 DONEGAL DR,CITRUS HEIGHTS,95621,CA,3,1,1344,Residential,2008-05-15,166000,38.681554,-121.312934,123.51190476190476
1001 RIO NORTE WAY,SACRAMENTO,95834,CA,3,2,1202,Residential,2008-05-15,169000,38.634292,-121.485106,140.59900166389352
604 P ST,LINCOLN,95648,CA,3,2,1104,Residential,2008-05-15,170000,38.893168,-121.305398,153.9855072463768
7351 GIGI PL,SACRAMENTO,95828,CA,4,2,1859,Multi-Family,2008-05-15,170000,38.490606,-121.410173,91.4470145239376
7740 DIXIE LOU ST,SACRAMENTO,95832,CA,3,2,1232,Residential,2008-05-15,170000,38.475853,-121.477039,137.98701298701297
7342 DAVE ST,SACRAMENTO,95828,CA,3,1,1638,Residential,2008-05-15,170725,38.490822,-121.401643,104.22771672771673
7687 HOWERTON DR,SACRAMENTO,95831,CA,2,2,1177,Residential,2008-05-15,171750,38.480859,-121.539745,145.92183517417163
26 KAMSON CT,SACRAMENTO,95833,CA,3,2,1582,Residential,2008-05-15,172000,38.622794,-121.499173,108.72313527180783
7045 PEEVEY CT,SACRAMENTO,95823,CA,2,2,904,Residential,2008-05-15,173056,38.502254,-121.451444,191.43362831858408
8916 GABLES MILL PL,ELK GROVE,95758,CA,3,2,1340,Residential,2008-05-15,174000,38.433919,-121.422347,129.8507462686567
1140 EDMONTON DR,SACRAMENTO,95833,CA,3,2,1204,Residential,2008-05-15,174250,38.62457,-121.486913,144.72591362126246
8879 APPLE PEAR CT,ELK GROVE,95624,CA,4,2,1477,Residential,2008-05-15,176850,38.44574,-121.3725,119.73595125253892
9 WIND CT,SACRAMENTO,95823,CA,4,2,1497,Residential,2008-05-15,179500,38.45073,-121.427528,119.90647962591851
8570 SHERATON DR,FAIR OAKS,95628,CA,3,1,960,Residential,2008-05-15,185000,38.667254,-121.240708,192.70833333333334
1080 RIO NORTE WAY,SACRAMENTO,95834,CA,3,2,1428,Residential,2008-05-15,188700,38.634335,-121.486098,132.14285714285714
5501 VALLETTA WAY,SACRAMENTO,95820,CA,3,1,1039,Residential,2008-05-15,189000,38.530144,-121.43749,181.90567853705485
5624 MEMORY LN,FAIR OAKS,95628,CA,3,1,1529,Residential,2008-05-15,189000,38.66745,-121.2364,123.61020274689339
6622 WILLOWLEAF DR,CITRUS HEIGHTS,95621,CA,4,3,1892,Residential,2008-05-15,189836,38.699714,-121.311635,100.33615221987316
27 MEGAN CT,SACRAMENTO,95838,CA,4,2,1887,Residential,2008-05-15,190000,38.649258,-121.465308,100.68892421833598
6601 WOODMORE OAKS DR,ORANGEVALE,95662,CA,3,2,1294,Residential,2008-05-15,191250,38.687006,-121.254319,147.79752704791343
1973 DANVERS WAY,SACRAMENTO,95832,CA,3,2,1638,Residential,2008-05-15,191675,38.477568,-121.492574,117.01770451770452
8001 ARROYO VISTA DR,SACRAMENTO,95823,CA,3,2,1677,Residential,2008-05-15,195500,38.46734,-121.419843,116.57722122838402
7409 VOYAGER WAY,CITRUS HEIGHTS,95621,CA,3,1,1073,Residential,2008-05-15,198000,38.700717,-121.3133,184.52935694315005
815 CROSSWIND DR,SACRAMENTO,95838,CA,3,2,1231,Residential,2008-05-15,200000,38.651386,-121.45042,162.46953696181967
5509 LAGUNA CREST WAY,ELK GROVE,95758,CA,3,2,1175,Residential,2008-05-15,200000,38.42442,-121.440357,170.2127659574468
8424 MERRY HILL WAY,ELK GROVE,95624,CA,3,2,1416,Residential,2008-05-15,200000,38.452075,-121.366461,141.24293785310735
5954 BRIDGECROSS DR,SACRAMENTO,95835,CA,3,2,1358,Residential,2008-05-15,201528,38.68197,-121.500025,148.40058910162003
8789 SEQUOIA WOOD CT,ELK GROVE,95624,CA,4,2,1609,Residential,2008-05-15,204750,38.438818,-121.37443,127.25295214418894
6600 SILVERTHORNE CIR,SACRAMENTO,95842,CA,4,3,1968,Residential,2008-05-15,205000,38.68607,-121.342369,104.16666666666667
2221 2ND AVE,SACRAMENTO,95818,CA,2,2,1089,Residential,2008-05-15,205000,38.555781,-121.485331,188.24609733700643
3230 SMATHERS WAY,CARMICHAEL,95608,CA,3,2,1296,Residential,2008-05-15,205900,38.623372,-121.347665,158.87345679012347
5209 LAGUNA CREST WAY,ELK GROVE,95758,CA,2,2,1189,Residential,2008-05-15,207000,38.424421,-121.443915,174.09587888982338
416 LEITCH AVE,SACRAMENTO,95815,CA,2,1,795,Residential,2008-05-15,207973,38.612694,-121.456669,261.60125786163525
2100 BEATTY WAY,ROSEVILLE,95747,CA,3,2,1371,Residential,2008-05-15,208250,38.737882,-121.308142,151.89642596644785
6920 GILLINGHAM WAY,NORTH HIGHLANDS,95660,CA,3,1,1310,Residential,2008-05-15,208318,38.694279,-121.373395,159.02137404580154
82 WILDFLOWER DR,GALT,95632,CA,3,2,1262,Residential,2008-05-15,209347,38.259708,-121.311616,165.8851030110935
8652 BANTON CIR,ELK GROVE,95624,CA,4,2,1740,Residential,2008-05-15,211500,38.444,-121.370993,121.55172413793103
8428 MISTY PASS WAY,ANTELOPE,95843,CA,3,2,1517,Residential,2008-05-15,212000,38.722959,-121.347115,139.74950560316415
7958 ROSEVIEW WAY,SACRAMENTO,95828,CA,3,2,1450,Residential,2008-05-15,213000,38.467836,-121.410366,146.89655172413794
9020 LUKEN CT,ELK GROVE,95624,CA,3,2,1416,Residential,2008-05-15,216000,38.451398,-121.366614,152.54237288135593
7809 VALLECITOS WAY,SACRAMENTO,95828,CA,3,1,888,Residential,2008-05-15,216021,38.508217,-121.411207,243.2668918918919
8445 OLD AUBURN RD,CITRUS HEIGHTS,95610,CA,3,2,1882,Residential,2008-05-15,219000,38.715423,-121.246743,116.36556854410202
10085 ATKINS DR,ELK GROVE,95757,CA,3,2,1302,Residential,2008-05-15,219794,38.390893,-121.437821,168.8125960061444
9185 CERROLINDA CIR,ELK GROVE,95758,CA,3,2,1418,Residential,2008-05-15,220000,38.424497,-121.426595,155.148095909732
5429 HESPER WAY,CARMICHAEL,95608,CA,4,2,1319,Residential,2008-05-15,220000,38.665104,-121.315901,166.79302501895376
1178 WARMWOOD CT,GALT,95632,CA,4,2,1770,Residential,2008-05-15,220000,38.289544,-121.284607,124.29378531073446
4900 ELUDE CT,SACRAMENTO,95842,CA,4,2,1627,Residential,2008-05-15,223000,38.69674,-121.350519,137.0620774431469
3528 SAINT GEORGE DR,SACRAMENTO,95821,CA,3,1,1040,Residential,2008-05-15,224000,38.629468,-121.376445,215.3846153846154
7381 WASHBURN WAY,NORTH HIGHLANDS,95660,CA,3,1,960,Residential,2008-05-15,224252,38.70355,-121.375103,233.59583333333333
7540 HICKORY AVE,ORANGEVALE,95662,CA,3,1,1456,Residential,2008-05-15,225000,38.703056,-121.235221,154.53296703296704
5024 CHAMBERLIN CIR,ELK GROVE,95757,CA,3,2,1450,Residential,2008-05-15,228000,38.389756,-121.446246,157.24137931034483
2400 INVERNESS DR,LINCOLN,95648,CA,3,2,1358,Residential,2008-05-15,229027,38.897814,-121.324691,168.65022091310752
5 BISHOPGATE CT,SACRAMENTO,95823,CA,4,2,1329,Residential,2008-05-15,229500,38.467936,-121.445477,172.686230248307
5601 REXLEIGH DR,SACRAMENTO,95823,CA,4,2,1715,Residential,2008-05-15,230000,38.445342,-121.441504,134.11078717201167
1909 YARNELL WAY,ELK GROVE,95758,CA,3,2,1262,Residential,2008-05-15,230000,38.417382,-121.484325,182.25039619651346
9169 GARLINGTON CT,SACRAMENTO,95829,CA,4,3,2280,Residential,2008-05-15,232425,38.457679,-121.35962,101.9407894736842
6932 RUSKUT WAY,SACRAMENTO,95823,CA,3,2,1477,Residential,2008-05-15,234000,38.499893,-121.45889,158.42924847664185
7933 DAFFODIL WAY,CITRUS HEIGHTS,95610,CA,3,2,1216,Residential,2008-05-15,235000,38.708824,-121.256803,193.2565789473684
8304 RED FOX WAY,ELK GROVE,95758,CA,4,2,1685,Residential,2008-05-15,235301,38.417,-121.397424,139.6445103857567
3882 YELLOWSTONE LN,EL DORADO HILLS,95762,CA,3,2,1362,Residential,2008-05-15,235738,38.655245,-121.075915,173.08223201174744
